
  .   ____          _            __ _ _
 /\\ / ___'_ __ _ _(_)_ __  __ _ \ \ \ \
( ( )\___ | '_ | '_| | '_ \/ _` | \ \ \ \
 \\/  ___)| |_)| | | | | || (_| |  ) ) ) )
  '  |____| .__|_| |_|_| |_\__, | / / / /
 =========|_|==============|___/=/_/_/_/

 :: Spring Boot ::               (v3.5.11)

2026-03-14T00:13:15.756+05:30  INFO 44344 --- [parking-spot-finder-backend] [           main] .p.b.ParkingSpotFinderBackendApplication : Starting ParkingSpotFinderBackendApplication v1.0.0 using Java 25.0.2 with PID 44344 (D:\segent intern\testing parking\backend\target\parking-spot-finder-backend-1.0.0.jar started by Sabari in D:\segent intern\testing parking\backend)
2026-03-14T00:13:15.759+05:30  INFO 44344 --- [parking-spot-finder-backend] [           main] .p.b.ParkingSpotFinderBackendApplication : No active profile set, falling back to 1 default profile: "default"
2026-03-14T00:13:15.760+05:30 DEBUG 44344 --- [parking-spot-finder-backend] [           main] o.s.boot.SpringApplication               : Loading source class com.parkingfinder.backend.ParkingSpotFinderBackendApplication
2026-03-14T00:13:15.811+05:30 DEBUG 44344 --- [parking-spot-finder-backend] [           main] ConfigServletWebServerApplicationContext : Refreshing org.springframework.boot.web.servlet.context.AnnotationConfigServletWebServerApplicationContext@37911f88
2026-03-14T00:13:17.016+05:30  INFO 44344 --- [parking-spot-finder-backend] [           main] .s.d.r.c.RepositoryConfigurationDelegate : Bootstrapping Spring Data JPA repositories in DEFAULT mode.
2026-03-14T00:13:17.050+05:30 DEBUG 44344 --- [parking-spot-finder-backend] [           main] o.s.b.a.AutoConfigurationPackages        : @EnableAutoConfiguration was declared on a class in the package 'com.parkingfinder.backend'. Automatic @Repository and @Entity scanning is enabled.
2026-03-14T00:13:17.194+05:30  INFO 44344 --- [parking-spot-finder-backend] [           main] .s.d.r.c.RepositoryConfigurationDelegate : Finished Spring Data repository scanning in 159 ms. Found 17 JPA repository interfaces.
2026-03-14T00:13:17.995+05:30 DEBUG 44344 --- [parking-spot-finder-backend] [           main] .s.b.w.e.t.TomcatServletWebServerFactory : Code archive: D:\segent intern\testing parking\backend\target\parking-spot-finder-backend-1.0.0.jar
2026-03-14T00:13:17.997+05:30 DEBUG 44344 --- [parking-spot-finder-backend] [           main] .s.b.w.e.t.TomcatServletWebServerFactory : Code archive: D:\segent intern\testing parking\backend\target\parking-spot-finder-backend-1.0.0.jar
2026-03-14T00:13:17.999+05:30 DEBUG 44344 --- [parking-spot-finder-backend] [           main] .s.b.w.e.t.TomcatServletWebServerFactory : None of the document roots [src/main/webapp, public, static] point to a directory and will be ignored.
2026-03-14T00:13:18.040+05:30  INFO 44344 --- [parking-spot-finder-backend] [           main] o.s.b.w.embedded.tomcat.TomcatWebServer  : Tomcat initialized with port 8080 (http)
2026-03-14T00:13:18.067+05:30  INFO 44344 --- [parking-spot-finder-backend] [           main] o.apache.catalina.core.StandardService   : Starting service [Tomcat]
2026-03-14T00:13:18.068+05:30  INFO 44344 --- [parking-spot-finder-backend] [           main] o.apache.catalina.core.StandardEngine    : Starting Servlet engine: [Apache Tomcat/10.1.52]
2026-03-14T00:13:18.124+05:30  INFO 44344 --- [parking-spot-finder-backend] [           main] o.a.c.c.C.[Tomcat].[localhost].[/]       : Initializing Spring embedded WebApplicationContext
2026-03-14T00:13:18.126+05:30 DEBUG 44344 --- [parking-spot-finder-backend] [           main] w.s.c.ServletWebServerApplicationContext : Published root WebApplicationContext as ServletContext attribute with name [org.springframework.web.context.WebApplicationContext.ROOT]
2026-03-14T00:13:18.127+05:30  INFO 44344 --- [parking-spot-finder-backend] [           main] w.s.c.ServletWebServerApplicationContext : Root WebApplicationContext: initialization completed in 2315 ms
2026-03-14T00:13:18.412+05:30  INFO 44344 --- [parking-spot-finder-backend] [           main] o.hibernate.jpa.internal.util.LogHelper  : HHH000204: Processing PersistenceUnitInfo [name: default]
2026-03-14T00:13:18.531+05:30  INFO 44344 --- [parking-spot-finder-backend] [           main] org.hibernate.Version                    : HHH000412: Hibernate ORM core version 6.6.42.Final
2026-03-14T00:13:18.616+05:30  INFO 44344 --- [parking-spot-finder-backend] [           main] o.h.c.internal.RegionFactoryInitiator    : HHH000026: Second-level cache disabled
2026-03-14T00:13:19.112+05:30  INFO 44344 --- [parking-spot-finder-backend] [           main] o.s.o.j.p.SpringPersistenceUnitInfo      : No LoadTimeWeaver setup: ignoring JPA class transformer
2026-03-14T00:13:19.170+05:30  INFO 44344 --- [parking-spot-finder-backend] [           main] com.zaxxer.hikari.HikariDataSource       : HikariPool-1 - Starting...
2026-03-14T00:13:19.391+05:30  INFO 44344 --- [parking-spot-finder-backend] [           main] com.zaxxer.hikari.pool.HikariPool        : HikariPool-1 - Added connection com.mysql.cj.jdbc.ConnectionImpl@40c28b0d
2026-03-14T00:13:19.394+05:30  INFO 44344 --- [parking-spot-finder-backend] [           main] com.zaxxer.hikari.HikariDataSource       : HikariPool-1 - Start completed.
2026-03-14T00:13:19.476+05:30  INFO 44344 --- [parking-spot-finder-backend] [           main] org.hibernate.orm.connections.pooling    : HHH10001005: Database info:
	Database JDBC URL [Connecting through datasource 'HikariDataSource (HikariPool-1)']
	Database driver: undefined/unknown
	Database version: 8.0.43
	Autocommit mode: undefined/unknown
	Isolation level: undefined/unknown
	Minimum pool size: undefined/unknown
	Maximum pool size: undefined/unknown
2026-03-14T00:13:20.519+05:30  INFO 44344 --- [parking-spot-finder-backend] [           main] o.h.e.t.j.p.i.JtaPlatformInitiator       : HHH000489: No JTA platform available (set 'hibernate.transaction.jta.platform' to enable JTA platform integration)
2026-03-14T00:13:20.579+05:30 DEBUG 44344 --- [parking-spot-finder-backend] [           main] org.hibernate.SQL                        : 
    alter table booking_history 
       modify column new_status enum ('ACTIVE','CANCELLED','COMPLETED','UPCOMING') not null
2026-03-14T00:13:20.601+05:30 DEBUG 44344 --- [parking-spot-finder-backend] [           main] org.hibernate.SQL                        : 
    alter table booking_history 
       modify column old_status enum ('ACTIVE','CANCELLED','COMPLETED','UPCOMING')
2026-03-14T00:13:20.614+05:30 DEBUG 44344 --- [parking-spot-finder-backend] [           main] org.hibernate.SQL                        : 
    alter table bookings 
       modify column booking_status enum ('ACTIVE','CANCELLED','COMPLETED','UPCOMING') not null
2026-03-14T00:13:20.641+05:30 DEBUG 44344 --- [parking-spot-finder-backend] [           main] org.hibernate.SQL                        : 
    alter table parking_spot_vehicle_types 
       modify column vehicle_type enum ('CONVERTIBLE','COUPE','HATCHBACK','JEEP','MUV_SUV','SEDAN','VAN','WAGON')
2026-03-14T00:13:20.652+05:30 DEBUG 44344 --- [parking-spot-finder-backend] [           main] org.hibernate.SQL                        : 
    alter table parking_spots 
       modify column spot_status enum ('ACTIVE','BLOCKED','INACTIVE') not null
2026-03-14T00:13:20.685+05:30 DEBUG 44344 --- [parking-spot-finder-backend] [           main] org.hibernate.SQL                        : 
    alter table parking_spots 
       modify column spot_type enum ('COVERED','MULTILEVEL','OPEN','RESIDENTIAL') not null
2026-03-14T00:13:20.712+05:30 DEBUG 44344 --- [parking-spot-finder-backend] [           main] org.hibernate.SQL                        : 
    alter table payments 
       modify column payment_method enum ('CARD','CASH','UPI','WALLET') not null
2026-03-14T00:13:20.725+05:30 DEBUG 44344 --- [parking-spot-finder-backend] [           main] org.hibernate.SQL                        : 
    alter table payments 
       modify column payment_status enum ('FAILED','PAID','PENDING','REFUNDED','RESERVED') not null
2026-03-14T00:13:20.740+05:30 DEBUG 44344 --- [parking-spot-finder-backend] [           main] org.hibernate.SQL                        : 
    alter table pricing_rules 
       modify column pricing_type enum ('HOURLY') not null
2026-03-14T00:13:20.754+05:30 DEBUG 44344 --- [parking-spot-finder-backend] [           main] org.hibernate.SQL                        : 
    alter table pricing_rules 
       modify column rule_status enum ('ACTIVE','INACTIVE','PENDING','PENDING_ADMIN_PRICING','REJECTED') not null
2026-03-14T00:13:20.802+05:30 DEBUG 44344 --- [parking-spot-finder-backend] [           main] org.hibernate.SQL                        : 
    alter table reservation_holds 
       modify column hold_status enum ('ACTIVE','CANCELLED','CONSUMED','EXPIRED') not null
2026-03-14T00:13:20.815+05:30 DEBUG 44344 --- [parking-spot-finder-backend] [           main] org.hibernate.SQL                        : 
    alter table spot_approvals 
       modify column approval_status enum ('APPROVED','PENDING','REJECTED') not null
2026-03-14T00:13:20.826+05:30 DEBUG 44344 --- [parking-spot-finder-backend] [           main] org.hibernate.SQL                        : 
    alter table spot_slots 
       modify column slot_status enum ('AVAILABLE','BLOCKED','OCCUPIED') not null
2026-03-14T00:13:20.843+05:30 DEBUG 44344 --- [parking-spot-finder-backend] [           main] org.hibernate.SQL                        : 
    alter table users 
       modify column account_status enum ('ACTIVE','BLOCKED','INACTIVE') not null
2026-03-14T00:13:20.868+05:30 DEBUG 44344 --- [parking-spot-finder-backend] [           main] org.hibernate.SQL                        : 
    alter table users 
       modify column role enum ('ADMIN','DRIVER','LENDER') not null
2026-03-14T00:13:20.888+05:30 DEBUG 44344 --- [parking-spot-finder-backend] [           main] org.hibernate.SQL                        : 
    alter table vehicles 
       modify column vehicle_type enum ('CONVERTIBLE','COUPE','HATCHBACK','JEEP','MUV_SUV','SEDAN','VAN','WAGON') not null
2026-03-14T00:13:20.901+05:30 DEBUG 44344 --- [parking-spot-finder-backend] [           main] org.hibernate.SQL                        : 
    alter table wallet_accounts 
       modify column wallet_status enum ('ACTIVE','INACTIVE') not null
2026-03-14T00:13:20.916+05:30 DEBUG 44344 --- [parking-spot-finder-backend] [           main] org.hibernate.SQL                        : 
    alter table wallet_transactions 
       modify column reference_type enum ('BOOKING','LATE_FEE','MANUAL','REFUND','TOPUP') not null
2026-03-14T00:13:20.930+05:30 DEBUG 44344 --- [parking-spot-finder-backend] [           main] org.hibernate.SQL                        : 
    alter table wallet_transactions 
       modify column transaction_status enum ('FAILED','PENDING','SUCCESS') not null
2026-03-14T00:13:20.943+05:30 DEBUG 44344 --- [parking-spot-finder-backend] [           main] org.hibernate.SQL                        : 
    alter table wallet_transactions 
       modify column transaction_type enum ('CREDIT','DEBIT') not null
2026-03-14T00:13:21.097+05:30  INFO 44344 --- [parking-spot-finder-backend] [           main] j.LocalContainerEntityManagerFactoryBean : Initialized JPA EntityManagerFactory for persistence unit 'default'
2026-03-14T00:13:21.353+05:30 DEBUG 44344 --- [parking-spot-finder-backend] [           main] o.s.b.w.s.ServletContextInitializerBeans : Mapping filters: springSecurityFilterChain urls=[/*] order=-100, characterEncodingFilter urls=[/*] order=-2147483648, formContentFilter urls=[/*] order=-9900, requestContextFilter urls=[/*] order=-105, jwtAuthenticationFilter urls=[/*] order=2147483647
2026-03-14T00:13:21.355+05:30 DEBUG 44344 --- [parking-spot-finder-backend] [           main] o.s.b.w.s.ServletContextInitializerBeans : Mapping servlets: dispatcherServlet urls=[/]
2026-03-14T00:13:21.380+05:30 DEBUG 44344 --- [parking-spot-finder-backend] [           main] o.s.b.w.s.f.OrderedRequestContextFilter  : Filter 'requestContextFilter' configured for use
2026-03-14T00:13:21.381+05:30 DEBUG 44344 --- [parking-spot-finder-backend] [           main] s.b.w.s.f.OrderedCharacterEncodingFilter : Filter 'characterEncodingFilter' configured for use
2026-03-14T00:13:21.381+05:30 DEBUG 44344 --- [parking-spot-finder-backend] [           main] .DelegatingFilterProxyRegistrationBean$1 : Filter 'springSecurityFilterChain' configured for use
2026-03-14T00:13:21.381+05:30 DEBUG 44344 --- [parking-spot-finder-backend] [           main] o.s.b.w.s.f.OrderedFormContentFilter     : Filter 'formContentFilter' configured for use
2026-03-14T00:13:21.501+05:30  INFO 44344 --- [parking-spot-finder-backend] [           main] o.s.d.j.r.query.QueryEnhancerFactory     : Hibernate is in classpath; If applicable, HQL parser will be used.
2026-03-14T00:13:22.458+05:30  INFO 44344 --- [parking-spot-finder-backend] [           main] eAuthenticationProviderManagerConfigurer : Global AuthenticationManager configured with AuthenticationProvider bean with name authenticationProvider
2026-03-14T00:13:22.460+05:30  WARN 44344 --- [parking-spot-finder-backend] [           main] r$InitializeUserDetailsManagerConfigurer : Global AuthenticationManager configured with an AuthenticationProvider bean. UserDetailsService beans will not be used by Spring Security for automatically configuring username/password login. Consider removing the AuthenticationProvider bean. Alternatively, consider using the UserDetailsService in a manually instantiated DaoAuthenticationProvider. If the current configuration is intentional, to turn off this warning, increase the logging level of 'org.springframework.security.config.annotation.authentication.configuration.InitializeUserDetailsBeanManagerConfigurer' to ERROR
2026-03-14T00:13:22.606+05:30 DEBUG 44344 --- [parking-spot-finder-backend] [           main] s.w.s.m.m.a.RequestMappingHandlerMapping : 66 mappings in 'requestMappingHandlerMapping'
2026-03-14T00:13:22.660+05:30 DEBUG 44344 --- [parking-spot-finder-backend] [           main] o.s.w.s.handler.SimpleUrlHandlerMapping  : Patterns [/webjars/**, /**, /swagger-ui/**, /swagger-ui/*swagger-initializer.js, /webjars/*swagger-ui/**, /webjars/*swagger-ui/*swagger-initializer.js, /webjars/*swagger-ui/5.32.0/*swagger-initializer.js] in 'resourceHandlerMapping'
2026-03-14T00:13:22.806+05:30 DEBUG 44344 --- [parking-spot-finder-backend] [           main] s.w.s.m.m.a.RequestMappingHandlerAdapter : ControllerAdvice beans: 0 @ModelAttribute, 0 @InitBinder, 1 RequestBodyAdvice, 1 ResponseBodyAdvice
2026-03-14T00:13:22.852+05:30 DEBUG 44344 --- [parking-spot-finder-backend] [           main] .m.m.a.ExceptionHandlerExceptionResolver : ControllerAdvice beans: 2 @ExceptionHandler, 1 ResponseBodyAdvice
2026-03-14T00:13:23.177+05:30  INFO 44344 --- [parking-spot-finder-backend] [           main] o.s.b.w.embedded.tomcat.TomcatWebServer  : Tomcat started on port 8080 (http) with context path '/'
2026-03-14T00:13:23.198+05:30 DEBUG 44344 --- [parking-spot-finder-backend] [           main] .s.b.a.l.ConditionEvaluationReportLogger : 


============================
CONDITIONS EVALUATION REPORT
============================


Positive matches:
-----------------

   AopAutoConfiguration matched:
      - @ConditionalOnBooleanProperty (spring.aop.auto=true) matched (OnPropertyCondition)

   AopAutoConfiguration.AspectJAutoProxyingConfiguration matched:
      - @ConditionalOnClass found required class 'org.aspectj.weaver.Advice' (OnClassCondition)

   AopAutoConfiguration.AspectJAutoProxyingConfiguration.CglibAutoProxyConfiguration matched:
      - @ConditionalOnBooleanProperty (spring.aop.proxy-target-class=true) matched (OnPropertyCondition)

   ApplicationAvailabilityAutoConfiguration#applicationAvailability matched:
      - @ConditionalOnMissingBean (types: org.springframework.boot.availability.ApplicationAvailability; SearchStrategy: all) did not find any beans (OnBeanCondition)

   DataSourceAutoConfiguration matched:
      - @ConditionalOnClass found required classes 'javax.sql.DataSource', 'org.springframework.jdbc.datasource.embedded.EmbeddedDatabaseType' (OnClassCondition)
      - @ConditionalOnMissingBean (types: io.r2dbc.spi.ConnectionFactory; SearchStrategy: all) did not find any beans (OnBeanCondition)

   DataSourceAutoConfiguration.PooledDataSourceConfiguration matched:
      - AnyNestedCondition 1 matched 1 did not; NestedCondition on DataSourceAutoConfiguration.PooledDataSourceCondition.PooledDataSourceAvailable PooledDataSource found supported DataSource; NestedCondition on DataSourceAutoConfiguration.PooledDataSourceCondition.ExplicitType @ConditionalOnProperty (spring.datasource.type) did not find property 'spring.datasource.type' (DataSourceAutoConfiguration.PooledDataSourceCondition)
      - @ConditionalOnMissingBean (types: javax.sql.DataSource,javax.sql.XADataSource; SearchStrategy: all) did not find any beans (OnBeanCondition)

   DataSourceAutoConfiguration.PooledDataSourceConfiguration#jdbcConnectionDetails matched:
      - @ConditionalOnMissingBean (types: org.springframework.boot.autoconfigure.jdbc.JdbcConnectionDetails; SearchStrategy: all) did not find any beans (OnBeanCondition)

   DataSourceConfiguration.Hikari matched:
      - @ConditionalOnClass found required class 'com.zaxxer.hikari.HikariDataSource' (OnClassCondition)
      - @ConditionalOnProperty (spring.datasource.type=com.zaxxer.hikari.HikariDataSource) matched (OnPropertyCondition)
      - @ConditionalOnMissingBean (types: javax.sql.DataSource; SearchStrategy: all) did not find any beans (OnBeanCondition)

   DataSourceInitializationConfiguration matched:
      - @ConditionalOnClass found required class 'org.springframework.jdbc.datasource.init.DatabasePopulator' (OnClassCondition)
      - @ConditionalOnSingleCandidate (types: javax.sql.DataSource; SearchStrategy: all) found a single bean 'dataSource'; @ConditionalOnMissingBean (types: org.springframework.boot.autoconfigure.sql.init.SqlDataSourceScriptDatabaseInitializer,org.springframework.boot.autoconfigure.sql.init.SqlR2dbcScriptDatabaseInitializer; SearchStrategy: all) did not find any beans (OnBeanCondition)

   DataSourcePoolMetadataProvidersConfiguration.HikariPoolDataSourceMetadataProviderConfiguration matched:
      - @ConditionalOnClass found required class 'com.zaxxer.hikari.HikariDataSource' (OnClassCondition)

   DataSourceTransactionManagerAutoConfiguration matched:
      - @ConditionalOnClass found required classes 'javax.sql.DataSource', 'org.springframework.jdbc.core.JdbcTemplate', 'org.springframework.transaction.TransactionManager' (OnClassCondition)

   DataSourceTransactionManagerAutoConfiguration.JdbcTransactionManagerConfiguration matched:
      - @ConditionalOnSingleCandidate (types: javax.sql.DataSource; SearchStrategy: all) found a single bean 'dataSource' (OnBeanCondition)

   DispatcherServletAutoConfiguration matched:
      - @ConditionalOnClass found required class 'org.springframework.web.servlet.DispatcherServlet' (OnClassCondition)
      - found 'session' scope (OnWebApplicationCondition)

   DispatcherServletAutoConfiguration.DispatcherServletConfiguration matched:
      - @ConditionalOnClass found required class 'jakarta.servlet.ServletRegistration' (OnClassCondition)
      - Default DispatcherServlet did not find dispatcher servlet beans (DispatcherServletAutoConfiguration.DefaultDispatcherServletCondition)

   DispatcherServletAutoConfiguration.DispatcherServletRegistrationConfiguration matched:
      - @ConditionalOnClass found required class 'jakarta.servlet.ServletRegistration' (OnClassCondition)
      - DispatcherServlet Registration did not find servlet registration bean (DispatcherServletAutoConfiguration.DispatcherServletRegistrationCondition)

   DispatcherServletAutoConfiguration.DispatcherServletRegistrationConfiguration#dispatcherServletRegistration matched:
      - @ConditionalOnBean (names: dispatcherServlet types: org.springframework.web.servlet.DispatcherServlet; SearchStrategy: all) found bean 'dispatcherServlet' (OnBeanCondition)

   EmbeddedWebServerFactoryCustomizerAutoConfiguration matched:
      - @ConditionalOnWebApplication (required) found 'session' scope (OnWebApplicationCondition)
      - @ConditionalOnWarDeployment the application is not deployed as a WAR file. (OnWarDeploymentCondition)

   EmbeddedWebServerFactoryCustomizerAutoConfiguration.TomcatWebServerFactoryCustomizerConfiguration matched:
      - @ConditionalOnClass found required classes 'org.apache.catalina.startup.Tomcat', 'org.apache.coyote.UpgradeProtocol' (OnClassCondition)

   ErrorMvcAutoConfiguration matched:
      - @ConditionalOnClass found required classes 'jakarta.servlet.Servlet', 'org.springframework.web.servlet.DispatcherServlet' (OnClassCondition)
      - found 'session' scope (OnWebApplicationCondition)

   ErrorMvcAutoConfiguration#basicErrorController matched:
      - @ConditionalOnMissingBean (types: org.springframework.boot.web.servlet.error.ErrorController; SearchStrategy: current) did not find any beans (OnBeanCondition)

   ErrorMvcAutoConfiguration#errorAttributes matched:
      - @ConditionalOnMissingBean (types: org.springframework.boot.web.servlet.error.ErrorAttributes; SearchStrategy: current) did not find any beans (OnBeanCondition)

   ErrorMvcAutoConfiguration.DefaultErrorViewResolverConfiguration#conventionErrorViewResolver matched:
      - @ConditionalOnBean (types: org.springframework.web.servlet.DispatcherServlet; SearchStrategy: all) found bean 'dispatcherServlet'; @ConditionalOnMissingBean (types: org.springframework.boot.autoconfigure.web.servlet.error.ErrorViewResolver; SearchStrategy: all) did not find any beans (OnBeanCondition)

   ErrorMvcAutoConfiguration.WhitelabelErrorViewConfiguration matched:
      - @ConditionalOnBooleanProperty (server.error.whitelabel.enabled=true) matched (OnPropertyCondition)
      - ErrorTemplate Missing did not find error template view (ErrorMvcAutoConfiguration.ErrorTemplateMissingCondition)

   ErrorMvcAutoConfiguration.WhitelabelErrorViewConfiguration#beanNameViewResolver matched:
      - @ConditionalOnMissingBean (types: org.springframework.web.servlet.view.BeanNameViewResolver; SearchStrategy: all) did not find any beans (OnBeanCondition)

   ErrorMvcAutoConfiguration.WhitelabelErrorViewConfiguration#defaultErrorView matched:
      - @ConditionalOnMissingBean (names: error; SearchStrategy: all) did not find any beans (OnBeanCondition)

   GenericCacheConfiguration matched:
      - Cache org.springframework.boot.autoconfigure.cache.GenericCacheConfiguration automatic cache type (CacheCondition)

   HibernateJpaAutoConfiguration matched:
      - @ConditionalOnClass found required classes 'org.springframework.orm.jpa.LocalContainerEntityManagerFactoryBean', 'jakarta.persistence.EntityManager', 'org.hibernate.engine.spi.SessionImplementor' (OnClassCondition)

   HibernateJpaConfiguration matched:
      - @ConditionalOnSingleCandidate (types: javax.sql.DataSource; SearchStrategy: all) found a single bean 'dataSource' (OnBeanCondition)

   HttpClientAutoConfiguration matched:
      - @ConditionalOnClass found required class 'org.springframework.http.client.ClientHttpRequestFactory' (OnClassCondition)
      - NoneNestedConditions 0 matched 1 did not; NestedCondition on NotReactiveWebApplicationCondition.ReactiveWebApplication did not find reactive web application classes (NotReactiveWebApplicationCondition)

   HttpClientAutoConfiguration#clientHttpRequestFactoryBuilder matched:
      - @ConditionalOnMissingBean (types: org.springframework.boot.http.client.ClientHttpRequestFactoryBuilder<?>; SearchStrategy: all) did not find any beans (OnBeanCondition)

   HttpClientAutoConfiguration#clientHttpRequestFactorySettings matched:
      - @ConditionalOnMissingBean (types: org.springframework.boot.http.client.ClientHttpRequestFactorySettings; SearchStrategy: all) did not find any beans (OnBeanCondition)

   HttpEncodingAutoConfiguration matched:
      - @ConditionalOnClass found required class 'org.springframework.web.filter.CharacterEncodingFilter' (OnClassCondition)
      - found 'session' scope (OnWebApplicationCondition)
      - @ConditionalOnBooleanProperty (server.servlet.encoding.enabled=true) matched (OnPropertyCondition)

   HttpEncodingAutoConfiguration#characterEncodingFilter matched:
      - @ConditionalOnMissingBean (types: org.springframework.web.filter.CharacterEncodingFilter; SearchStrategy: all) did not find any beans (OnBeanCondition)

   HttpMessageConvertersAutoConfiguration matched:
      - @ConditionalOnClass found required class 'org.springframework.http.converter.HttpMessageConverter' (OnClassCondition)
      - NoneNestedConditions 0 matched 1 did not; NestedCondition on HttpMessageConvertersAutoConfiguration.NotReactiveWebApplicationCondition.ReactiveWebApplication did not find reactive web application classes (HttpMessageConvertersAutoConfiguration.NotReactiveWebApplicationCondition)

   HttpMessageConvertersAutoConfiguration#messageConverters matched:
      - @ConditionalOnMissingBean (types: org.springframework.boot.autoconfigure.http.HttpMessageConverters; SearchStrategy: all) did not find any beans (OnBeanCondition)

   HttpMessageConvertersAutoConfiguration.StringHttpMessageConverterConfiguration matched:
      - @ConditionalOnClass found required class 'org.springframework.http.converter.StringHttpMessageConverter' (OnClassCondition)

   HttpMessageConvertersAutoConfiguration.StringHttpMessageConverterConfiguration#stringHttpMessageConverter matched:
      - @ConditionalOnMissingBean (types: org.springframework.http.converter.StringHttpMessageConverter; SearchStrategy: all) did not find any beans (OnBeanCondition)

   JacksonAutoConfiguration matched:
      - @ConditionalOnClass found required class 'com.fasterxml.jackson.databind.ObjectMapper' (OnClassCondition)

   JacksonAutoConfiguration.Jackson2ObjectMapperBuilderCustomizerConfiguration matched:
      - @ConditionalOnClass found required class 'org.springframework.http.converter.json.Jackson2ObjectMapperBuilder' (OnClassCondition)

   JacksonAutoConfiguration.JacksonObjectMapperBuilderConfiguration matched:
      - @ConditionalOnClass found required class 'org.springframework.http.converter.json.Jackson2ObjectMapperBuilder' (OnClassCondition)

   JacksonAutoConfiguration.JacksonObjectMapperBuilderConfiguration#jacksonObjectMapperBuilder matched:
      - @ConditionalOnMissingBean (types: org.springframework.http.converter.json.Jackson2ObjectMapperBuilder; SearchStrategy: all) did not find any beans (OnBeanCondition)

   JacksonAutoConfiguration.JacksonObjectMapperConfiguration matched:
      - @ConditionalOnClass found required class 'org.springframework.http.converter.json.Jackson2ObjectMapperBuilder' (OnClassCondition)

   JacksonAutoConfiguration.JacksonObjectMapperConfiguration#jacksonObjectMapper matched:
      - @ConditionalOnMissingBean (types: com.fasterxml.jackson.databind.ObjectMapper; SearchStrategy: all) did not find any beans (OnBeanCondition)

   JacksonAutoConfiguration.ParameterNamesModuleConfiguration matched:
      - @ConditionalOnClass found required class 'com.fasterxml.jackson.module.paramnames.ParameterNamesModule' (OnClassCondition)

   JacksonAutoConfiguration.ParameterNamesModuleConfiguration#parameterNamesModule matched:
      - @ConditionalOnMissingBean (types: com.fasterxml.jackson.module.paramnames.ParameterNamesModule; SearchStrategy: all) did not find any beans (OnBeanCondition)

   JacksonHttpMessageConvertersConfiguration.MappingJackson2HttpMessageConverterConfiguration matched:
      - @ConditionalOnClass found required class 'com.fasterxml.jackson.databind.ObjectMapper' (OnClassCondition)
      - @ConditionalOnPreferredJsonMapper JACKSON no property was configured and Jackson is the default (OnPreferredJsonMapperCondition)
      - @ConditionalOnBean (types: com.fasterxml.jackson.databind.ObjectMapper; SearchStrategy: all) found bean 'jacksonObjectMapper' (OnBeanCondition)

   JacksonHttpMessageConvertersConfiguration.MappingJackson2HttpMessageConverterConfiguration#mappingJackson2HttpMessageConverter matched:
      - @ConditionalOnMissingBean (types: org.springframework.http.converter.json.MappingJackson2HttpMessageConverter ignored: org.springframework.hateoas.server.mvc.TypeConstrainedMappingJackson2HttpMessageConverter,org.springframework.data.rest.webmvc.alps.AlpsJsonHttpMessageConverter; SearchStrategy: all) did not find any beans (OnBeanCondition)

   JdbcClientAutoConfiguration matched:
      - @ConditionalOnSingleCandidate (types: org.springframework.jdbc.core.namedparam.NamedParameterJdbcTemplate; SearchStrategy: all) found a single bean 'namedParameterJdbcTemplate'; @ConditionalOnMissingBean (types: org.springframework.jdbc.core.simple.JdbcClient; SearchStrategy: all) did not find any beans (OnBeanCondition)

   JdbcTemplateAutoConfiguration matched:
      - @ConditionalOnClass found required classes 'javax.sql.DataSource', 'org.springframework.jdbc.core.JdbcTemplate' (OnClassCondition)
      - @ConditionalOnSingleCandidate (types: javax.sql.DataSource; SearchStrategy: all) found a single bean 'dataSource' (OnBeanCondition)

   JdbcTemplateConfiguration matched:
      - @ConditionalOnMissingBean (types: org.springframework.jdbc.core.JdbcOperations; SearchStrategy: all) did not find any beans (OnBeanCondition)

   JpaBaseConfiguration#entityManagerFactory matched:
      - @ConditionalOnMissingBean (types: org.springframework.orm.jpa.LocalContainerEntityManagerFactoryBean,jakarta.persistence.EntityManagerFactory; SearchStrategy: all) did not find any beans (OnBeanCondition)

   JpaBaseConfiguration#entityManagerFactoryBuilder matched:
      - @ConditionalOnMissingBean (types: org.springframework.boot.orm.jpa.EntityManagerFactoryBuilder; SearchStrategy: all) did not find any beans (OnBeanCondition)

   JpaBaseConfiguration#jpaVendorAdapter matched:
      - @ConditionalOnMissingBean (types: org.springframework.orm.jpa.JpaVendorAdapter; SearchStrategy: all) did not find any beans (OnBeanCondition)

   JpaBaseConfiguration#transactionManager matched:
      - @ConditionalOnMissingBean (types: org.springframework.transaction.TransactionManager; SearchStrategy: all) did not find any beans (OnBeanCondition)

   JpaBaseConfiguration.PersistenceManagedTypesConfiguration matched:
      - @ConditionalOnMissingBean (types: org.springframework.orm.jpa.LocalContainerEntityManagerFactoryBean,jakarta.persistence.EntityManagerFactory; SearchStrategy: all) did not find any beans (OnBeanCondition)

   JpaBaseConfiguration.PersistenceManagedTypesConfiguration#persistenceManagedTypes matched:
      - @ConditionalOnMissingBean (types: org.springframework.orm.jpa.persistenceunit.PersistenceManagedTypes; SearchStrategy: all) did not find any beans (OnBeanCondition)

   JpaRepositoriesAutoConfiguration matched:
      - @ConditionalOnClass found required class 'org.springframework.data.jpa.repository.JpaRepository' (OnClassCondition)
      - @ConditionalOnBooleanProperty (spring.data.jpa.repositories.enabled=true) matched (OnPropertyCondition)
      - @ConditionalOnBean (types: javax.sql.DataSource; SearchStrategy: all) found bean 'dataSource'; @ConditionalOnMissingBean (types: org.springframework.data.jpa.repository.support.JpaRepositoryFactoryBean,org.springframework.data.jpa.repository.config.JpaRepositoryConfigExtension; SearchStrategy: all) did not find any beans (OnBeanCondition)

   JtaAutoConfiguration matched:
      - @ConditionalOnClass found required class 'jakarta.transaction.Transaction' (OnClassCondition)
      - @ConditionalOnBooleanProperty (spring.jta.enabled=true) matched (OnPropertyCondition)

   LifecycleAutoConfiguration#defaultLifecycleProcessor matched:
      - @ConditionalOnMissingBean (names: lifecycleProcessor; SearchStrategy: current) did not find any beans (OnBeanCondition)

   MultipartAutoConfiguration matched:
      - @ConditionalOnClass found required classes 'jakarta.servlet.Servlet', 'org.springframework.web.multipart.support.StandardServletMultipartResolver', 'jakarta.servlet.MultipartConfigElement' (OnClassCondition)
      - found 'session' scope (OnWebApplicationCondition)
      - @ConditionalOnBooleanProperty (spring.servlet.multipart.enabled=true) matched (OnPropertyCondition)

   MultipartAutoConfiguration#multipartConfigElement matched:
      - @ConditionalOnMissingBean (types: jakarta.servlet.MultipartConfigElement; SearchStrategy: all) did not find any beans (OnBeanCondition)

   MultipartAutoConfiguration#multipartResolver matched:
      - @ConditionalOnMissingBean (types: org.springframework.web.multipart.MultipartResolver; SearchStrategy: all) did not find any beans (OnBeanCondition)

   NamedParameterJdbcTemplateConfiguration matched:
      - @ConditionalOnSingleCandidate (types: org.springframework.jdbc.core.JdbcTemplate; SearchStrategy: all) found a single bean 'jdbcTemplate'; @ConditionalOnMissingBean (types: org.springframework.jdbc.core.namedparam.NamedParameterJdbcOperations; SearchStrategy: all) did not find any beans (OnBeanCondition)

   NoOpCacheConfiguration matched:
      - Cache org.springframework.boot.autoconfigure.cache.NoOpCacheConfiguration automatic cache type (CacheCondition)

   PersistenceExceptionTranslationAutoConfiguration matched:
      - @ConditionalOnClass found required class 'org.springframework.dao.annotation.PersistenceExceptionTranslationPostProcessor' (OnClassCondition)

   PersistenceExceptionTranslationAutoConfiguration#persistenceExceptionTranslationPostProcessor matched:
      - @ConditionalOnBooleanProperty (spring.dao.exceptiontranslation.enabled=true) matched (OnPropertyCondition)
      - @ConditionalOnMissingBean (types: org.springframework.dao.annotation.PersistenceExceptionTranslationPostProcessor; SearchStrategy: all) did not find any beans (OnBeanCondition)

   PropertyPlaceholderAutoConfiguration#propertySourcesPlaceholderConfigurer matched:
      - @ConditionalOnMissingBean (types: org.springframework.context.support.PropertySourcesPlaceholderConfigurer; SearchStrategy: current) did not find any beans (OnBeanCondition)

   RestClientAutoConfiguration matched:
      - @ConditionalOnClass found required class 'org.springframework.web.client.RestClient' (OnClassCondition)
      - AnyNestedCondition 1 matched 1 did not; NestedCondition on NotReactiveWebApplicationOrVirtualThreadsExecutorEnabledCondition.VirtualThreadsExecutorEnabled found non-matching nested conditions @ConditionalOnThreading did not find VIRTUAL; NestedCondition on NotReactiveWebApplicationOrVirtualThreadsExecutorEnabledCondition.NotReactiveWebApplication NoneNestedConditions 0 matched 1 did not; NestedCondition on NotReactiveWebApplicationCondition.ReactiveWebApplication did not find reactive web application classes (NotReactiveWebApplicationOrVirtualThreadsExecutorEnabledCondition)

   RestClientAutoConfiguration#httpMessageConvertersRestClientCustomizer matched:
      - @ConditionalOnMissingBean (types: org.springframework.boot.autoconfigure.web.client.HttpMessageConvertersRestClientCustomizer; SearchStrategy: all) did not find any beans (OnBeanCondition)

   RestClientAutoConfiguration#restClientBuilder matched:
      - @ConditionalOnMissingBean (types: org.springframework.web.client.RestClient$Builder; SearchStrategy: all) did not find any beans (OnBeanCondition)

   RestClientAutoConfiguration#restClientBuilderConfigurer matched:
      - @ConditionalOnMissingBean (types: org.springframework.boot.autoconfigure.web.client.RestClientBuilderConfigurer; SearchStrategy: all) did not find any beans (OnBeanCondition)

   RestClientAutoConfiguration#restClientSsl matched:
      - @ConditionalOnBean (types: org.springframework.boot.ssl.SslBundles; SearchStrategy: all) found bean 'sslBundleRegistry'; @ConditionalOnMissingBean (types: org.springframework.boot.autoconfigure.web.client.RestClientSsl; SearchStrategy: all) did not find any beans (OnBeanCondition)

   RestTemplateAutoConfiguration matched:
      - @ConditionalOnClass found required class 'org.springframework.web.client.RestTemplate' (OnClassCondition)
      - NoneNestedConditions 0 matched 1 did not; NestedCondition on NotReactiveWebApplicationCondition.ReactiveWebApplication did not find reactive web application classes (NotReactiveWebApplicationCondition)

   RestTemplateAutoConfiguration#restTemplateBuilder matched:
      - @ConditionalOnMissingBean (types: org.springframework.boot.web.client.RestTemplateBuilder; SearchStrategy: all) did not find any beans (OnBeanCondition)

   SecurityAutoConfiguration matched:
      - @ConditionalOnClass found required class 'org.springframework.security.authentication.DefaultAuthenticationEventPublisher' (OnClassCondition)

   SecurityAutoConfiguration#authenticationEventPublisher matched:
      - @ConditionalOnMissingBean (types: org.springframework.security.authentication.AuthenticationEventPublisher; SearchStrategy: all) did not find any beans (OnBeanCondition)

   SecurityFilterAutoConfiguration matched:
      - @ConditionalOnClass found required classes 'org.springframework.security.web.context.AbstractSecurityWebApplicationInitializer', 'org.springframework.security.config.http.SessionCreationPolicy' (OnClassCondition)
      - found 'session' scope (OnWebApplicationCondition)

   SecurityFilterAutoConfiguration#securityFilterChainRegistration matched:
      - @ConditionalOnBean (names: springSecurityFilterChain; SearchStrategy: all) found bean 'springSecurityFilterChain' (OnBeanCondition)

   ServletWebServerFactoryAutoConfiguration matched:
      - @ConditionalOnClass found required class 'jakarta.servlet.ServletRequest' (OnClassCondition)
      - found 'session' scope (OnWebApplicationCondition)

   ServletWebServerFactoryAutoConfiguration.TomcatConfiguration matched:
      - @ConditionalOnClass found required class 'org.apache.catalina.startup.Tomcat' (OnClassCondition)

   ServletWebServerFactoryConfiguration.EmbeddedTomcat matched:
      - @ConditionalOnClass found required classes 'jakarta.servlet.Servlet', 'org.apache.catalina.startup.Tomcat', 'org.apache.coyote.UpgradeProtocol' (OnClassCondition)
      - @ConditionalOnMissingBean (types: org.springframework.boot.web.servlet.server.ServletWebServerFactory; SearchStrategy: current) did not find any beans (OnBeanCondition)

   SimpleCacheConfiguration matched:
      - Cache org.springframework.boot.autoconfigure.cache.SimpleCacheConfiguration automatic cache type (CacheCondition)

   SpringBootWebSecurityConfiguration matched:
      - found 'session' scope (OnWebApplicationCondition)

   SpringBootWebSecurityConfiguration.WebSecurityEnablerConfiguration matched:
      - @ConditionalOnClass found required class 'org.springframework.security.config.annotation.web.configuration.EnableWebSecurity' (OnClassCondition)
      - @ConditionalOnMissingBean (names: springSecurityFilterChain; SearchStrategy: all) did not find any beans (OnBeanCondition)

   SpringDataWebAutoConfiguration matched:
      - @ConditionalOnClass found required classes 'org.springframework.data.web.PageableHandlerMethodArgumentResolver', 'org.springframework.web.servlet.config.annotation.WebMvcConfigurer' (OnClassCondition)
      - found 'session' scope (OnWebApplicationCondition)
      - @ConditionalOnMissingBean (types: org.springframework.data.web.PageableHandlerMethodArgumentResolver; SearchStrategy: all) did not find any beans (OnBeanCondition)

   SpringDataWebAutoConfiguration#pageableCustomizer matched:
      - @ConditionalOnMissingBean (types: org.springframework.data.web.config.PageableHandlerMethodArgumentResolverCustomizer; SearchStrategy: all) did not find any beans (OnBeanCondition)

   SpringDataWebAutoConfiguration#sortCustomizer matched:
      - @ConditionalOnMissingBean (types: org.springframework.data.web.config.SortHandlerMethodArgumentResolverCustomizer; SearchStrategy: all) did not find any beans (OnBeanCondition)

   SpringDataWebAutoConfiguration#springDataWebSettings matched:
      - @ConditionalOnMissingBean (types: org.springframework.data.web.config.SpringDataWebSettings; SearchStrategy: all) did not find any beans (OnBeanCondition)

   SpringDocConfigProperties matched:
      - @ConditionalOnProperty (springdoc.api-docs.enabled) matched (OnPropertyCondition)
      - @ConditionalOnBean (types: org.springdoc.core.configuration.SpringDocConfiguration; SearchStrategy: all) found bean 'org.springdoc.core.configuration.SpringDocConfiguration' (OnBeanCondition)

   SpringDocConfiguration matched:
      - @ConditionalOnWebApplication (required) found 'session' scope (OnWebApplicationCondition)
      - @ConditionalOnProperty (springdoc.api-docs.enabled) matched (OnPropertyCondition)

   SpringDocConfiguration#fileSupportConverter matched:
      - @ConditionalOnMissingBean (types: org.springdoc.core.converters.FileSupportConverter; SearchStrategy: all) did not find any beans (OnBeanCondition)

   SpringDocConfiguration#globalOpenApiCustomizer matched:
      - @ConditionalOnMissingBean (names: globalOpenApiCustomizer; SearchStrategy: all) did not find any beans (OnBeanCondition)

   SpringDocConfiguration#initExtraSchemas matched:
      - @ConditionalOnProperty (springdoc.enable-extra-schemas) matched (OnPropertyCondition)

   SpringDocConfiguration#methodParameterPojoExtractor matched:
      - @ConditionalOnMissingBean (types: org.springdoc.core.extractor.MethodParameterPojoExtractor; SearchStrategy: all) did not find any beans (OnBeanCondition)

   SpringDocConfiguration#openAPIBuilder matched:
      - @ConditionalOnMissingBean (types: org.springdoc.core.service.OpenAPIService; SearchStrategy: all) did not find any beans (OnBeanCondition)

   SpringDocConfiguration#operationBuilder matched:
      - @ConditionalOnMissingBean (types: org.springdoc.core.service.OperationService; SearchStrategy: all) did not find any beans (OnBeanCondition)

   SpringDocConfiguration#parameterBuilder matched:
      - @ConditionalOnMissingBean (types: org.springdoc.core.service.GenericParameterService; SearchStrategy: all) did not find any beans (OnBeanCondition)

   SpringDocConfiguration#parameterObjectNamingStrategyCustomizer matched:
      - @ConditionalOnMissingBean (types: org.springdoc.core.customizers.ParameterObjectNamingStrategyCustomizer; SearchStrategy: all) did not find any beans (OnBeanCondition)

   SpringDocConfiguration#polymorphicModelConverter matched:
      - @ConditionalOnProperty (springdoc.model-converters.polymorphic-converter.enabled) matched (OnPropertyCondition)
      - @ConditionalOnMissingBean (types: org.springdoc.core.converters.PolymorphicModelConverter; SearchStrategy: all) did not find any beans (OnBeanCondition)

   SpringDocConfiguration#requestBodyBuilder matched:
      - @ConditionalOnMissingBean (types: org.springdoc.core.service.RequestBodyService; SearchStrategy: all) did not find any beans (OnBeanCondition)

   SpringDocConfiguration#responseSupportConverter matched:
      - @ConditionalOnMissingBean (types: org.springdoc.core.converters.ResponseSupportConverter; SearchStrategy: all) did not find any beans (OnBeanCondition)

   SpringDocConfiguration#schemaPropertyDeprecatingConverter matched:
      - @ConditionalOnProperty (springdoc.model-converters.deprecating-converter.enabled) matched (OnPropertyCondition)
      - @ConditionalOnMissingBean (types: org.springdoc.core.converters.SchemaPropertyDeprecatingConverter; SearchStrategy: all) did not find any beans (OnBeanCondition)

   SpringDocConfiguration#schemaUtils matched:
      - @ConditionalOnMissingBean (types: org.springdoc.core.utils.SchemaUtils; SearchStrategy: all) did not find any beans (OnBeanCondition)

   SpringDocConfiguration#securityParser matched:
      - @ConditionalOnMissingBean (types: org.springdoc.core.service.SecurityService; SearchStrategy: all) did not find any beans (OnBeanCondition)

   SpringDocConfiguration#springDocAppInitializer matched:
      - @ConditionalOnMissingBean (names: springDocAppInitializer; SearchStrategy: all) did not find any beans (OnBeanCondition)

   SpringDocConfiguration#springDocCustomizers matched:
      - @ConditionalOnMissingBean (types: org.springdoc.core.customizers.SpringDocCustomizers; SearchStrategy: all) did not find any beans (OnBeanCondition)

   SpringDocConfiguration#springDocProviders matched:
      - @ConditionalOnMissingBean (types: org.springdoc.core.providers.SpringDocProviders; SearchStrategy: all) did not find any beans (OnBeanCondition)

   SpringDocConfiguration#springdocObjectMapperProvider matched:
      - @ConditionalOnMissingBean (types: org.springdoc.core.providers.ObjectMapperProvider; SearchStrategy: all) did not find any beans (OnBeanCondition)

   SpringDocConfiguration.QuerydslProvider matched:
      - @ConditionalOnClass found required class 'org.springframework.data.querydsl.binding.QuerydslBindingsFactory' (OnClassCondition)

   SpringDocConfiguration.QuerydslProvider#queryDslQuerydslPredicateOperationCustomizer matched:
      - @ConditionalOnMissingBean (types: org.springdoc.core.customizers.QuerydslPredicateOperationCustomizer; SearchStrategy: all) did not find any beans (OnBeanCondition)

   SpringDocConfiguration.SpringDocSpringDataWebPropertiesProvider matched:
      - @ConditionalOnClass found required class 'org.springframework.boot.autoconfigure.data.web.SpringDataWebProperties' (OnClassCondition)

   SpringDocConfiguration.SpringDocSpringDataWebPropertiesProvider#springDataWebPropertiesProvider matched:
      - @ConditionalOnMissingBean (types: org.springdoc.core.providers.SpringDataWebPropertiesProvider; SearchStrategy: all) did not find any beans (OnBeanCondition)

   SpringDocConfiguration.WebConversionServiceConfiguration matched:
      - @ConditionalOnClass found required class 'org.springframework.boot.autoconfigure.web.format.WebConversionService' (OnClassCondition)

   SpringDocPageableConfiguration matched:
      - @ConditionalOnClass found required class 'org.springframework.data.domain.Pageable' (OnClassCondition)
      - @ConditionalOnWebApplication (required) found 'session' scope (OnWebApplicationCondition)
      - @ConditionalOnProperty (springdoc.api-docs.enabled) matched (OnPropertyCondition)
      - @ConditionalOnBean (types: org.springdoc.core.configuration.SpringDocConfiguration; SearchStrategy: all) found bean 'org.springdoc.core.configuration.SpringDocConfiguration' (OnBeanCondition)

   SpringDocPageableConfiguration#dataRestDelegatingMethodParameterCustomizer matched:
      - @ConditionalOnMissingBean (types: org.springdoc.core.customizers.DataRestDelegatingMethodParameterCustomizer; SearchStrategy: all) did not find any beans (OnBeanCondition)

   SpringDocPageableConfiguration#pageOpenAPIConverter matched:
      - @ConditionalOnClass found required classes 'org.springframework.data.web.PagedModel', 'org.springframework.data.web.config.SpringDataWebSettings' (OnClassCondition)
      - @ConditionalOnMissingBean (types: org.springdoc.core.converters.PageOpenAPIConverter; SearchStrategy: all) did not find any beans (OnBeanCondition)

   SpringDocPageableConfiguration#pageableOpenAPIConverter matched:
      - @ConditionalOnProperty (springdoc.model-converters.pageable-converter.enabled) matched (OnPropertyCondition)
      - @ConditionalOnMissingBean (types: org.springdoc.core.converters.PageableOpenAPIConverter; SearchStrategy: all) did not find any beans (OnBeanCondition)

   SpringDocSecurityConfiguration matched:
      - @ConditionalOnClass found required class 'org.springframework.security.web.SecurityFilterChain' (OnClassCondition)
      - @ConditionalOnWebApplication (required) found 'session' scope (OnWebApplicationCondition)
      - @ConditionalOnExpression (#{${springdoc.api-docs.enabled:true} and ${springdoc.enable-spring-security:true}}) resulted in true (OnExpressionCondition)
      - @ConditionalOnBean (types: org.springdoc.core.configuration.SpringDocConfiguration; SearchStrategy: all) found bean 'org.springdoc.core.configuration.SpringDocConfiguration' (OnBeanCondition)

   SpringDocSecurityConfiguration.SpringSecurityLoginEndpointConfiguration matched:
      - @ConditionalOnClass found required class 'jakarta.servlet.Filter' (OnClassCondition)

   SpringDocSortConfiguration matched:
      - @ConditionalOnClass found required class 'org.springframework.data.domain.Sort' (OnClassCondition)
      - @ConditionalOnWebApplication (required) found 'session' scope (OnWebApplicationCondition)
      - @ConditionalOnProperty (springdoc.api-docs.enabled) matched (OnPropertyCondition)
      - @ConditionalOnBean (types: org.springdoc.core.configuration.SpringDocConfiguration; SearchStrategy: all) found bean 'org.springdoc.core.configuration.SpringDocConfiguration' (OnBeanCondition)

   SpringDocSortConfiguration#sortOpenAPIConverter matched:
      - @ConditionalOnProperty (springdoc.sort-converter.enabled) matched (OnPropertyCondition)
      - @ConditionalOnMissingBean (types: org.springdoc.core.converters.SortOpenAPIConverter; SearchStrategy: all) did not find any beans (OnBeanCondition)

   SpringDocWebMvcConfiguration matched:
      - found 'session' scope (OnWebApplicationCondition)
      - @ConditionalOnProperty (springdoc.api-docs.enabled) matched (OnPropertyCondition)
      - @ConditionalOnBean (types: org.springdoc.core.configuration.SpringDocConfiguration; SearchStrategy: all) found bean 'org.springdoc.core.configuration.SpringDocConfiguration' (OnBeanCondition)

   SpringDocWebMvcConfiguration#openApiResource matched:
      - @ConditionalOnExpression (#{(${springdoc.use-management-port:false} == false ) and ${springdoc.enable-default-api-docs:true}}) resulted in true (OnExpressionCondition)
      - @ConditionalOnMissingBean (types: org.springdoc.webmvc.api.OpenApiWebMvcResource; SearchStrategy: all) did not find any beans (OnBeanCondition)

   SpringDocWebMvcConfiguration#requestBuilder matched:
      - @ConditionalOnMissingBean (types: org.springdoc.webmvc.core.service.RequestService; SearchStrategy: all) did not find any beans (OnBeanCondition)

   SpringDocWebMvcConfiguration#responseBuilder matched:
      - @ConditionalOnMissingBean (types: org.springdoc.core.service.GenericResponseService; SearchStrategy: all) did not find any beans (OnBeanCondition)

   SpringDocWebMvcConfiguration#springWebProvider matched:
      - @ConditionalOnMissingBean (types: org.springdoc.core.providers.SpringWebProvider; SearchStrategy: all) did not find any beans (OnBeanCondition)

   SpringDocWebMvcConfiguration.SpringDocWebMvcRouterConfiguration matched:
      - @ConditionalOnClass found required class 'org.springframework.web.servlet.function.RouterFunction' (OnClassCondition)

   SpringDocWebMvcConfiguration.SpringDocWebMvcRouterConfiguration#routerFunctionProvider matched:
      - @ConditionalOnMissingBean (types: org.springdoc.webmvc.core.providers.RouterFunctionWebMvcProvider; SearchStrategy: all) did not find any beans (OnBeanCondition)

   SqlInitializationAutoConfiguration matched:
      - @ConditionalOnBooleanProperty (spring.sql.init.enabled=true) matched (OnPropertyCondition)
      - NoneNestedConditions 0 matched 1 did not; NestedCondition on SqlInitializationAutoConfiguration.SqlInitializationModeCondition.ModeIsNever @ConditionalOnProperty (spring.sql.init.mode=never) did not find property 'spring.sql.init.mode' (SqlInitializationAutoConfiguration.SqlInitializationModeCondition)

   SslAutoConfiguration#sslBundleRegistry matched:
      - @ConditionalOnMissingBean (types: org.springframework.boot.ssl.SslBundleRegistry,org.springframework.boot.ssl.SslBundles; SearchStrategy: all) did not find any beans (OnBeanCondition)

   SwaggerConfig matched:
      - found 'session' scope (OnWebApplicationCondition)
      - @ConditionalOnProperty (springdoc.swagger-ui.enabled) matched (OnPropertyCondition)
      - @ConditionalOnBean (types: org.springdoc.core.configuration.SpringDocConfiguration; SearchStrategy: all) found bean 'org.springdoc.core.configuration.SpringDocConfiguration' (OnBeanCondition)

   SwaggerConfig#indexPageTransformer matched:
      - @ConditionalOnMissingBean (types: org.springdoc.webmvc.ui.SwaggerIndexTransformer; SearchStrategy: all) did not find any beans (OnBeanCondition)

   SwaggerConfig#springDocSwaggerInitializer matched:
      - @ConditionalOnProperty (springdoc.use-management-port=false) matched (OnPropertyCondition)
      - @ConditionalOnMissingBean (names: springDocSwaggerInitializer; SearchStrategy: all) did not find any beans (OnBeanCondition)

   SwaggerConfig#swaggerConfigResource matched:
      - @ConditionalOnProperty (springdoc.use-management-port=false) matched (OnPropertyCondition)
      - @ConditionalOnMissingBean (types: org.springdoc.webmvc.ui.SwaggerConfigResource; SearchStrategy: all) did not find any beans (OnBeanCondition)

   SwaggerConfig#swaggerResourceResolver matched:
      - @ConditionalOnMissingBean (types: org.springdoc.webmvc.ui.SwaggerResourceResolver; SearchStrategy: all) did not find any beans (OnBeanCondition)

   SwaggerConfig#swaggerWebMvcConfigurer matched:
      - @ConditionalOnMissingBean (types: org.springdoc.webmvc.ui.SwaggerWebMvcConfigurer; SearchStrategy: all) did not find any beans (OnBeanCondition)

   SwaggerConfig#swaggerWelcome matched:
      - @ConditionalOnProperty (springdoc.use-management-port=false) matched (OnPropertyCondition)
      - @ConditionalOnMissingBean (types: org.springdoc.webmvc.ui.SwaggerWelcomeWebMvc; SearchStrategy: all) did not find any beans (OnBeanCondition)

   SwaggerUiConfigProperties matched:
      - @ConditionalOnProperty (springdoc.swagger-ui.enabled) matched (OnPropertyCondition)
      - @ConditionalOnBean (types: org.springdoc.core.configuration.SpringDocConfiguration; SearchStrategy: all) found bean 'org.springdoc.core.configuration.SpringDocConfiguration' (OnBeanCondition)

   SwaggerUiOAuthProperties matched:
      - @ConditionalOnProperty (springdoc.swagger-ui.enabled) matched (OnPropertyCondition)
      - @ConditionalOnBean (types: org.springdoc.core.configuration.SpringDocConfiguration; SearchStrategy: all) found bean 'org.springdoc.core.configuration.SpringDocConfiguration' (OnBeanCondition)

   TaskExecutionAutoConfiguration matched:
      - @ConditionalOnClass found required class 'org.springframework.scheduling.concurrent.ThreadPoolTaskExecutor' (OnClassCondition)

   TaskExecutorConfigurations.AsyncConfigurerConfiguration matched:
      - @ConditionalOnMissingBean (types: org.springframework.scheduling.annotation.AsyncConfigurer; SearchStrategy: all) did not find any beans (OnBeanCondition)

   TaskExecutorConfigurations.AsyncConfigurerConfiguration#applicationTaskExecutorAsyncConfigurer matched:
      - @ConditionalOnMissingBean (types: org.springframework.scheduling.annotation.AsyncConfigurer; SearchStrategy: all) did not find any beans (OnBeanCondition)

   TaskExecutorConfigurations.SimpleAsyncTaskExecutorBuilderConfiguration#simpleAsyncTaskExecutorBuilder matched:
      - @ConditionalOnMissingBean (types: org.springframework.boot.task.SimpleAsyncTaskExecutorBuilder; SearchStrategy: all) did not find any beans (OnBeanCondition)
      - @ConditionalOnThreading found PLATFORM (OnThreadingCondition)

   TaskExecutorConfigurations.TaskExecutorConfiguration matched:
      - AnyNestedCondition 1 matched 1 did not; NestedCondition on TaskExecutorConfigurations.OnExecutorCondition.ModelCondition @ConditionalOnProperty (spring.task.execution.mode=force) did not find property 'spring.task.execution.mode'; NestedCondition on TaskExecutorConfigurations.OnExecutorCondition.ExecutorBeanCondition @ConditionalOnMissingBean (types: java.util.concurrent.Executor; SearchStrategy: all) did not find any beans (TaskExecutorConfigurations.OnExecutorCondition)

   TaskExecutorConfigurations.TaskExecutorConfiguration#applicationTaskExecutor matched:
      - @ConditionalOnThreading found PLATFORM (OnThreadingCondition)

   TaskExecutorConfigurations.ThreadPoolTaskExecutorBuilderConfiguration#threadPoolTaskExecutorBuilder matched:
      - @ConditionalOnMissingBean (types: org.springframework.boot.task.ThreadPoolTaskExecutorBuilder; SearchStrategy: all) did not find any beans (OnBeanCondition)

   TaskSchedulingAutoConfiguration matched:
      - @ConditionalOnClass found required class 'org.springframework.scheduling.concurrent.ThreadPoolTaskScheduler' (OnClassCondition)

   TaskSchedulingConfigurations.SimpleAsyncTaskSchedulerBuilderConfiguration#simpleAsyncTaskSchedulerBuilder matched:
      - @ConditionalOnMissingBean (types: org.springframework.boot.task.SimpleAsyncTaskSchedulerBuilder; SearchStrategy: all) did not find any beans (OnBeanCondition)
      - @ConditionalOnThreading found PLATFORM (OnThreadingCondition)

   TaskSchedulingConfigurations.ThreadPoolTaskSchedulerBuilderConfiguration#threadPoolTaskSchedulerBuilder matched:
      - @ConditionalOnMissingBean (types: org.springframework.boot.task.ThreadPoolTaskSchedulerBuilder; SearchStrategy: all) did not find any beans (OnBeanCondition)

   TransactionAutoConfiguration matched:
      - @ConditionalOnClass found required class 'org.springframework.transaction.PlatformTransactionManager' (OnClassCondition)

   TransactionAutoConfiguration.EnableTransactionManagementConfiguration matched:
      - @ConditionalOnBean (types: org.springframework.transaction.TransactionManager; SearchStrategy: all) found bean 'transactionManager'; @ConditionalOnMissingBean (types: org.springframework.transaction.annotation.AbstractTransactionManagementConfiguration; SearchStrategy: all) did not find any beans (OnBeanCondition)

   TransactionAutoConfiguration.EnableTransactionManagementConfiguration.CglibAutoProxyConfiguration matched:
      - @ConditionalOnBooleanProperty (spring.aop.proxy-target-class=true) matched (OnPropertyCondition)

   TransactionAutoConfiguration.TransactionTemplateConfiguration matched:
      - @ConditionalOnSingleCandidate (types: org.springframework.transaction.PlatformTransactionManager; SearchStrategy: all) found a single bean 'transactionManager' (OnBeanCondition)

   TransactionAutoConfiguration.TransactionTemplateConfiguration#transactionTemplate matched:
      - @ConditionalOnMissingBean (types: org.springframework.transaction.support.TransactionOperations; SearchStrategy: all) did not find any beans (OnBeanCondition)

   TransactionManagerCustomizationAutoConfiguration matched:
      - @ConditionalOnClass found required class 'org.springframework.transaction.PlatformTransactionManager' (OnClassCondition)

   TransactionManagerCustomizationAutoConfiguration#platformTransactionManagerCustomizers matched:
      - @ConditionalOnMissingBean (types: org.springframework.boot.autoconfigure.transaction.TransactionManagerCustomizers; SearchStrategy: all) did not find any beans (OnBeanCondition)

   ValidationAutoConfiguration matched:
      - @ConditionalOnClass found required class 'jakarta.validation.executable.ExecutableValidator' (OnClassCondition)
      - @ConditionalOnResource found location classpath:META-INF/services/jakarta.validation.spi.ValidationProvider (OnResourceCondition)

   ValidationAutoConfiguration#defaultValidator matched:
      - @ConditionalOnMissingBean (types: jakarta.validation.Validator; SearchStrategy: all) did not find any beans (OnBeanCondition)

   ValidationAutoConfiguration#methodValidationPostProcessor matched:
      - @ConditionalOnMissingBean (types: org.springframework.validation.beanvalidation.MethodValidationPostProcessor; SearchStrategy: current) did not find any beans (OnBeanCondition)

   WebMvcAutoConfiguration matched:
      - @ConditionalOnClass found required classes 'jakarta.servlet.Servlet', 'org.springframework.web.servlet.DispatcherServlet', 'org.springframework.web.servlet.config.annotation.WebMvcConfigurer' (OnClassCondition)
      - found 'session' scope (OnWebApplicationCondition)
      - @ConditionalOnMissingBean (types: org.springframework.web.servlet.config.annotation.WebMvcConfigurationSupport; SearchStrategy: all) did not find any beans (OnBeanCondition)

   WebMvcAutoConfiguration#formContentFilter matched:
      - @ConditionalOnBooleanProperty (spring.mvc.formcontent.filter.enabled=true) matched (OnPropertyCondition)
      - @ConditionalOnMissingBean (types: org.springframework.web.filter.FormContentFilter; SearchStrategy: all) did not find any beans (OnBeanCondition)

   WebMvcAutoConfiguration.EnableWebMvcConfiguration#flashMapManager matched:
      - @ConditionalOnMissingBean (names: flashMapManager; SearchStrategy: all) did not find any beans (OnBeanCondition)

   WebMvcAutoConfiguration.EnableWebMvcConfiguration#localeResolver matched:
      - @ConditionalOnMissingBean (names: localeResolver; SearchStrategy: all) did not find any beans (OnBeanCondition)

   WebMvcAutoConfiguration.EnableWebMvcConfiguration#themeResolver matched:
      - @ConditionalOnMissingBean (names: themeResolver; SearchStrategy: all) did not find any beans (OnBeanCondition)

   WebMvcAutoConfiguration.EnableWebMvcConfiguration#viewNameTranslator matched:
      - @ConditionalOnMissingBean (names: viewNameTranslator; SearchStrategy: all) did not find any beans (OnBeanCondition)

   WebMvcAutoConfiguration.ResourceChainCustomizerConfiguration matched:
      - @ConditionalOnEnabledResourceChain found class org.webjars.WebJarVersionLocator (OnEnabledResourceChainCondition)

   WebMvcAutoConfiguration.WebMvcAutoConfigurationAdapter#defaultViewResolver matched:
      - @ConditionalOnMissingBean (types: org.springframework.web.servlet.view.InternalResourceViewResolver; SearchStrategy: all) did not find any beans (OnBeanCondition)

   WebMvcAutoConfiguration.WebMvcAutoConfigurationAdapter#requestContextFilter matched:
      - @ConditionalOnMissingBean (types: org.springframework.web.context.request.RequestContextListener,org.springframework.web.filter.RequestContextFilter; SearchStrategy: all) did not find any beans (OnBeanCondition)

   WebMvcAutoConfiguration.WebMvcAutoConfigurationAdapter#viewResolver matched:
      - @ConditionalOnBean (types: org.springframework.web.servlet.ViewResolver; SearchStrategy: all) found beans 'defaultViewResolver', 'beanNameViewResolver', 'mvcViewResolver'; @ConditionalOnMissingBean (names: viewResolver types: org.springframework.web.servlet.view.ContentNegotiatingViewResolver; SearchStrategy: all) did not find any beans (OnBeanCondition)

   WebSocketServletAutoConfiguration matched:
      - @ConditionalOnClass found required classes 'jakarta.servlet.Servlet', 'jakarta.websocket.server.ServerContainer' (OnClassCondition)
      - found 'session' scope (OnWebApplicationCondition)

   WebSocketServletAutoConfiguration.TomcatWebSocketConfiguration matched:
      - @ConditionalOnClass found required classes 'org.apache.catalina.startup.Tomcat', 'org.apache.tomcat.websocket.server.WsSci' (OnClassCondition)

   WebSocketServletAutoConfiguration.TomcatWebSocketConfiguration#websocketServletWebServerCustomizer matched:
      - @ConditionalOnMissingBean (names: websocketServletWebServerCustomizer; SearchStrategy: all) did not find any beans (OnBeanCondition)


Negative matches:
-----------------

   ActiveMQAutoConfiguration:
      Did not match:
         - @ConditionalOnClass did not find required class 'jakarta.jms.ConnectionFactory' (OnClassCondition)

   AopAutoConfiguration.AspectJAutoProxyingConfiguration.JdkDynamicAutoProxyConfiguration:
      Did not match:
         - @ConditionalOnBooleanProperty (spring.aop.proxy-target-class=false) did not find property 'spring.aop.proxy-target-class' (OnPropertyCondition)

   AopAutoConfiguration.ClassProxyingConfiguration:
      Did not match:
         - @ConditionalOnMissingClass found unwanted class 'org.aspectj.weaver.Advice' (OnClassCondition)

   ArtemisAutoConfiguration:
      Did not match:
         - @ConditionalOnClass did not find required class 'jakarta.jms.ConnectionFactory' (OnClassCondition)

   BatchAutoConfiguration:
      Did not match:
         - @ConditionalOnClass did not find required class 'org.springframework.batch.core.launch.JobLauncher' (OnClassCondition)

   Cache2kCacheConfiguration:
      Did not match:
         - @ConditionalOnClass did not find required class 'org.cache2k.Cache2kBuilder' (OnClassCondition)

   CacheAutoConfiguration:
      Did not match:
         - @ConditionalOnBean (types: org.springframework.cache.interceptor.CacheAspectSupport; SearchStrategy: all) did not find any beans of type org.springframework.cache.interceptor.CacheAspectSupport (OnBeanCondition)
      Matched:
         - @ConditionalOnClass found required class 'org.springframework.cache.CacheManager' (OnClassCondition)

   CacheAutoConfiguration.CacheManagerEntityManagerFactoryDependsOnPostProcessor:
      Did not match:
         - Ancestor org.springframework.boot.autoconfigure.cache.CacheAutoConfiguration did not match (ConditionEvaluationReport.AncestorsMatchedCondition)
      Matched:
         - @ConditionalOnClass found required class 'org.springframework.orm.jpa.LocalContainerEntityManagerFactoryBean' (OnClassCondition)

   CaffeineCacheConfiguration:
      Did not match:
         - @ConditionalOnClass did not find required class 'com.github.benmanes.caffeine.cache.Caffeine' (OnClassCondition)

   CassandraAutoConfiguration:
      Did not match:
         - @ConditionalOnClass did not find required class 'com.datastax.oss.driver.api.core.CqlSession' (OnClassCondition)

   CassandraDataAutoConfiguration:
      Did not match:
         - @ConditionalOnClass did not find required class 'com.datastax.oss.driver.api.core.CqlSession' (OnClassCondition)

   CassandraReactiveDataAutoConfiguration:
      Did not match:
         - @ConditionalOnClass did not find required class 'com.datastax.oss.driver.api.core.CqlSession' (OnClassCondition)

   CassandraReactiveRepositoriesAutoConfiguration:
      Did not match:
         - @ConditionalOnClass did not find required class 'org.springframework.data.cassandra.ReactiveSession' (OnClassCondition)

   CassandraRepositoriesAutoConfiguration:
      Did not match:
         - @ConditionalOnClass did not find required class 'com.datastax.oss.driver.api.core.CqlSession' (OnClassCondition)

   org.springframework.boot.autoconfigure.http.client.reactive.ClientHttpConnectorAutoConfiguration:
      Did not match:
         - @ConditionalOnClass did not find required class 'reactor.core.publisher.Mono' (OnClassCondition)

   org.springframework.boot.autoconfigure.web.reactive.function.client.ClientHttpConnectorAutoConfiguration:
      Did not match:
         - @ConditionalOnClass did not find required class 'org.springframework.web.reactive.function.client.WebClient' (OnClassCondition)

   CodecsAutoConfiguration:
      Did not match:
         - @ConditionalOnClass did not find required class 'org.springframework.web.reactive.function.client.WebClient' (OnClassCondition)

   CouchbaseAutoConfiguration:
      Did not match:
         - @ConditionalOnClass did not find required class 'com.couchbase.client.java.Cluster' (OnClassCondition)

   CouchbaseCacheConfiguration:
      Did not match:
         - @ConditionalOnClass did not find required class 'com.couchbase.client.java.Cluster' (OnClassCondition)

   CouchbaseDataAutoConfiguration:
      Did not match:
         - @ConditionalOnClass did not find required class 'com.couchbase.client.java.Bucket' (OnClassCondition)

   CouchbaseReactiveDataAutoConfiguration:
      Did not match:
         - @ConditionalOnClass did not find required class 'com.couchbase.client.java.Cluster' (OnClassCondition)

   CouchbaseReactiveRepositoriesAutoConfiguration:
      Did not match:
         - @ConditionalOnClass did not find required class 'com.couchbase.client.java.Cluster' (OnClassCondition)

   CouchbaseRepositoriesAutoConfiguration:
      Did not match:
         - @ConditionalOnClass did not find required class 'com.couchbase.client.java.Bucket' (OnClassCondition)

   DataSeeder:
      Did not match:
         - @ConditionalOnProperty (app.seed.enabled=true) found different value in property 'app.seed.enabled' (OnPropertyCondition)

   DataSourceAutoConfiguration.EmbeddedDatabaseConfiguration:
      Did not match:
         - EmbeddedDataSource spring.datasource.url is set (DataSourceAutoConfiguration.EmbeddedDatabaseCondition)

   DataSourceCheckpointRestoreConfiguration:
      Did not match:
         - @ConditionalOnClass did not find required class 'org.crac.Resource' (OnClassCondition)

   DataSourceConfiguration.Dbcp2:
      Did not match:
         - @ConditionalOnClass did not find required class 'org.apache.commons.dbcp2.BasicDataSource' (OnClassCondition)

   DataSourceConfiguration.Generic:
      Did not match:
         - @ConditionalOnProperty (spring.datasource.type) did not find property 'spring.datasource.type' (OnPropertyCondition)

   DataSourceConfiguration.OracleUcp:
      Did not match:
         - @ConditionalOnClass did not find required classes 'oracle.ucp.jdbc.PoolDataSourceImpl', 'oracle.jdbc.OracleConnection' (OnClassCondition)

   DataSourceConfiguration.Tomcat:
      Did not match:
         - @ConditionalOnClass did not find required class 'org.apache.tomcat.jdbc.pool.DataSource' (OnClassCondition)

   DataSourceJmxConfiguration:
      Did not match:
         - @ConditionalOnBooleanProperty (spring.jmx.enabled=true) did not find property 'spring.jmx.enabled' (OnPropertyCondition)

   DataSourcePoolMetadataProvidersConfiguration.CommonsDbcp2PoolDataSourceMetadataProviderConfiguration:
      Did not match:
         - @ConditionalOnClass did not find required class 'org.apache.commons.dbcp2.BasicDataSource' (OnClassCondition)

   DataSourcePoolMetadataProvidersConfiguration.OracleUcpPoolDataSourceMetadataProviderConfiguration:
      Did not match:
         - @ConditionalOnClass did not find required classes 'oracle.ucp.jdbc.PoolDataSource', 'oracle.jdbc.OracleConnection' (OnClassCondition)

   DataSourcePoolMetadataProvidersConfiguration.TomcatDataSourcePoolMetadataProviderConfiguration:
      Did not match:
         - @ConditionalOnClass did not find required class 'org.apache.tomcat.jdbc.pool.DataSource' (OnClassCondition)

   DataSourceTransactionManagerAutoConfiguration.JdbcTransactionManagerConfiguration#transactionManager:
      Did not match:
         - @ConditionalOnMissingBean (types: org.springframework.transaction.TransactionManager; SearchStrategy: all) found beans of type 'org.springframework.transaction.TransactionManager' transactionManager (OnBeanCondition)

   DispatcherServletAutoConfiguration.DispatcherServletConfiguration#multipartResolver:
      Did not match:
         - @ConditionalOnBean (types: org.springframework.web.multipart.MultipartResolver; SearchStrategy: all) did not find any beans of type org.springframework.web.multipart.MultipartResolver (OnBeanCondition)

   ElasticsearchClientAutoConfiguration:
      Did not match:
         - @ConditionalOnClass did not find required class 'co.elastic.clients.elasticsearch.ElasticsearchClient' (OnClassCondition)

   ElasticsearchDataAutoConfiguration:
      Did not match:
         - @ConditionalOnClass did not find required class 'org.springframework.data.elasticsearch.client.elc.ElasticsearchTemplate' (OnClassCondition)

   ElasticsearchRepositoriesAutoConfiguration:
      Did not match:
         - @ConditionalOnClass did not find required class 'org.springframework.data.elasticsearch.repository.ElasticsearchRepository' (OnClassCondition)

   ElasticsearchRestClientAutoConfiguration:
      Did not match:
         - @ConditionalOnClass did not find required class 'org.elasticsearch.client.RestClientBuilder' (OnClassCondition)

   EmbeddedLdapAutoConfiguration:
      Did not match:
         - @ConditionalOnClass did not find required class 'com.unboundid.ldap.listener.InMemoryDirectoryServer' (OnClassCondition)

   EmbeddedWebServerFactoryCustomizerAutoConfiguration.JettyWebServerFactoryCustomizerConfiguration:
      Did not match:
         - @ConditionalOnClass did not find required classes 'org.eclipse.jetty.server.Server', 'org.eclipse.jetty.util.Loader', 'org.eclipse.jetty.ee10.webapp.WebAppContext' (OnClassCondition)

   EmbeddedWebServerFactoryCustomizerAutoConfiguration.NettyWebServerFactoryCustomizerConfiguration:
      Did not match:
         - @ConditionalOnClass did not find required class 'reactor.netty.http.server.HttpServer' (OnClassCondition)

   EmbeddedWebServerFactoryCustomizerAutoConfiguration.TomcatWebServerFactoryCustomizerConfiguration#tomcatVirtualThreadsProtocolHandlerCustomizer:
      Did not match:
         - @ConditionalOnThreading did not find VIRTUAL (OnThreadingCondition)

   EmbeddedWebServerFactoryCustomizerAutoConfiguration.UndertowWebServerFactoryCustomizerConfiguration:
      Did not match:
         - @ConditionalOnClass did not find required classes 'io.undertow.Undertow', 'org.xnio.SslClientAuthMode' (OnClassCondition)

   ErrorWebFluxAutoConfiguration:
      Did not match:
         - @ConditionalOnClass did not find required class 'org.springframework.web.reactive.config.WebFluxConfigurer' (OnClassCondition)

   FlywayAutoConfiguration:
      Did not match:
         - @ConditionalOnClass did not find required class 'org.flywaydb.core.Flyway' (OnClassCondition)

   FreeMarkerAutoConfiguration:
      Did not match:
         - @ConditionalOnClass did not find required class 'freemarker.template.Configuration' (OnClassCondition)

   GraphQlAutoConfiguration:
      Did not match:
         - @ConditionalOnClass did not find required class 'graphql.GraphQL' (OnClassCondition)

   GraphQlQueryByExampleAutoConfiguration:
      Did not match:
         - @ConditionalOnClass did not find required class 'graphql.GraphQL' (OnClassCondition)

   GraphQlQuerydslAutoConfiguration:
      Did not match:
         - @ConditionalOnClass did not find required class 'com.querydsl.core.Query' (OnClassCondition)

   GraphQlRSocketAutoConfiguration:
      Did not match:
         - @ConditionalOnClass did not find required class 'graphql.GraphQL' (OnClassCondition)

   GraphQlReactiveQueryByExampleAutoConfiguration:
      Did not match:
         - @ConditionalOnClass did not find required class 'graphql.GraphQL' (OnClassCondition)

   GraphQlReactiveQuerydslAutoConfiguration:
      Did not match:
         - @ConditionalOnClass did not find required class 'com.querydsl.core.Query' (OnClassCondition)

   GraphQlWebFluxAutoConfiguration:
      Did not match:
         - @ConditionalOnClass did not find required class 'graphql.GraphQL' (OnClassCondition)

   GraphQlWebFluxSecurityAutoConfiguration:
      Did not match:
         - @ConditionalOnClass did not find required class 'graphql.GraphQL' (OnClassCondition)

   GraphQlWebMvcAutoConfiguration:
      Did not match:
         - @ConditionalOnClass did not find required class 'graphql.GraphQL' (OnClassCondition)

   GraphQlWebMvcSecurityAutoConfiguration:
      Did not match:
         - @ConditionalOnClass did not find required class 'graphql.GraphQL' (OnClassCondition)

   GroovyTemplateAutoConfiguration:
      Did not match:
         - @ConditionalOnClass did not find required class 'groovy.text.markup.MarkupTemplateEngine' (OnClassCondition)

   GsonAutoConfiguration:
      Did not match:
         - @ConditionalOnClass did not find required class 'com.google.gson.Gson' (OnClassCondition)

   GsonHttpMessageConvertersConfiguration:
      Did not match:
         - @ConditionalOnClass did not find required class 'com.google.gson.Gson' (OnClassCondition)

   H2ConsoleAutoConfiguration:
      Did not match:
         - @ConditionalOnClass did not find required class 'org.h2.server.web.JakartaWebServlet' (OnClassCondition)

   HazelcastAutoConfiguration:
      Did not match:
         - @ConditionalOnClass did not find required class 'com.hazelcast.core.HazelcastInstance' (OnClassCondition)

   HazelcastCacheConfiguration:
      Did not match:
         - @ConditionalOnClass did not find required class 'com.hazelcast.core.HazelcastInstance' (OnClassCondition)

   HazelcastJpaDependencyAutoConfiguration:
      Did not match:
         - @ConditionalOnClass did not find required class 'com.hazelcast.core.HazelcastInstance' (OnClassCondition)

   HttpHandlerAutoConfiguration:
      Did not match:
         - @ConditionalOnClass did not find required class 'org.springframework.web.reactive.DispatcherHandler' (OnClassCondition)

   HypermediaAutoConfiguration:
      Did not match:
         - @ConditionalOnClass did not find required class 'org.springframework.hateoas.EntityModel' (OnClassCondition)

   InfinispanCacheConfiguration:
      Did not match:
         - @ConditionalOnClass did not find required class 'org.infinispan.spring.embedded.provider.SpringEmbeddedCacheManager' (OnClassCondition)

   IntegrationAutoConfiguration:
      Did not match:
         - @ConditionalOnClass did not find required class 'org.springframework.integration.config.EnableIntegration' (OnClassCondition)

   JCacheCacheConfiguration:
      Did not match:
         - @ConditionalOnClass did not find required class 'javax.cache.Caching' (OnClassCondition)

   JacksonHttpMessageConvertersConfiguration.MappingJackson2XmlHttpMessageConverterConfiguration:
      Did not match:
         - @ConditionalOnClass did not find required class 'com.fasterxml.jackson.dataformat.xml.XmlMapper' (OnClassCondition)

   JdbcRepositoriesAutoConfiguration:
      Did not match:
         - @ConditionalOnClass did not find required class 'org.springframework.data.jdbc.repository.config.AbstractJdbcConfiguration' (OnClassCondition)

   JerseyAutoConfiguration:
      Did not match:
         - @ConditionalOnClass did not find required class 'org.glassfish.jersey.server.spring.SpringComponentProvider' (OnClassCondition)

   JmsAutoConfiguration:
      Did not match:
         - @ConditionalOnClass did not find required class 'jakarta.jms.Message' (OnClassCondition)

   JmxAutoConfiguration:
      Did not match:
         - @ConditionalOnBooleanProperty (spring.jmx.enabled=true) did not find property 'spring.jmx.enabled' (OnPropertyCondition)
      Matched:
         - @ConditionalOnClass found required class 'org.springframework.jmx.export.MBeanExporter' (OnClassCondition)

   JndiConnectionFactoryAutoConfiguration:
      Did not match:
         - @ConditionalOnClass did not find required class 'org.springframework.jms.core.JmsTemplate' (OnClassCondition)

   JndiDataSourceAutoConfiguration:
      Did not match:
         - @ConditionalOnProperty (spring.datasource.jndi-name) did not find property 'spring.datasource.jndi-name' (OnPropertyCondition)
      Matched:
         - @ConditionalOnClass found required classes 'javax.sql.DataSource', 'org.springframework.jdbc.datasource.embedded.EmbeddedDatabaseType' (OnClassCondition)

   JndiJtaConfiguration:
      Did not match:
         - @ConditionalOnJndi JNDI environment is not available (OnJndiCondition)
      Matched:
         - @ConditionalOnClass found required class 'org.springframework.transaction.jta.JtaTransactionManager' (OnClassCondition)

   JooqAutoConfiguration:
      Did not match:
         - @ConditionalOnClass did not find required class 'org.jooq.DSLContext' (OnClassCondition)

   JpaBaseConfiguration.JpaWebConfiguration:
      Did not match:
         - @ConditionalOnBooleanProperty (spring.jpa.open-in-view=true) found different value in property 'spring.jpa.open-in-view' (OnPropertyCondition)
      Matched:
         - @ConditionalOnClass found required class 'org.springframework.web.servlet.config.annotation.WebMvcConfigurer' (OnClassCondition)
         - found 'session' scope (OnWebApplicationCondition)

   JpaRepositoriesAutoConfiguration#entityManagerFactoryBootstrapExecutorCustomizer:
      Did not match:
         - AnyNestedCondition 0 matched 2 did not; NestedCondition on JpaRepositoriesAutoConfiguration.BootstrapExecutorCondition.LazyBootstrapMode @ConditionalOnProperty (spring.data.jpa.repositories.bootstrap-mode=lazy) did not find property 'spring.data.jpa.repositories.bootstrap-mode'; NestedCondition on JpaRepositoriesAutoConfiguration.BootstrapExecutorCondition.DeferredBootstrapMode @ConditionalOnProperty (spring.data.jpa.repositories.bootstrap-mode=deferred) did not find property 'spring.data.jpa.repositories.bootstrap-mode' (JpaRepositoriesAutoConfiguration.BootstrapExecutorCondition)

   JsonbAutoConfiguration:
      Did not match:
         - @ConditionalOnClass did not find required class 'jakarta.json.bind.Jsonb' (OnClassCondition)

   JsonbHttpMessageConvertersConfiguration:
      Did not match:
         - @ConditionalOnClass did not find required class 'jakarta.json.bind.Jsonb' (OnClassCondition)

   KafkaAutoConfiguration:
      Did not match:
         - @ConditionalOnClass did not find required class 'org.springframework.kafka.core.KafkaTemplate' (OnClassCondition)

   LdapAutoConfiguration:
      Did not match:
         - @ConditionalOnClass did not find required class 'org.springframework.ldap.core.ContextSource' (OnClassCondition)

   LdapRepositoriesAutoConfiguration:
      Did not match:
         - @ConditionalOnClass did not find required class 'org.springframework.data.ldap.repository.LdapRepository' (OnClassCondition)

   LiquibaseAutoConfiguration:
      Did not match:
         - @ConditionalOnClass did not find required class 'liquibase.change.DatabaseChange' (OnClassCondition)

   MailSenderAutoConfiguration:
      Did not match:
         - @ConditionalOnClass did not find required class 'jakarta.mail.internet.MimeMessage' (OnClassCondition)

   MailSenderValidatorAutoConfiguration:
      Did not match:
         - @ConditionalOnSingleCandidate did not find required type 'org.springframework.mail.javamail.JavaMailSenderImpl' (OnBeanCondition)

   MessageSourceAutoConfiguration:
      Did not match:
         - ResourceBundle did not find bundle with basename messages (MessageSourceAutoConfiguration.ResourceBundleCondition)

   MongoAutoConfiguration:
      Did not match:
         - @ConditionalOnClass did not find required class 'com.mongodb.client.MongoClient' (OnClassCondition)

   MongoDataAutoConfiguration:
      Did not match:
         - @ConditionalOnClass did not find required class 'com.mongodb.client.MongoClient' (OnClassCondition)

   MongoReactiveAutoConfiguration:
      Did not match:
         - @ConditionalOnClass did not find required class 'com.mongodb.reactivestreams.client.MongoClient' (OnClassCondition)

   MongoReactiveDataAutoConfiguration:
      Did not match:
         - @ConditionalOnClass did not find required class 'com.mongodb.reactivestreams.client.MongoClient' (OnClassCondition)

   MongoReactiveRepositoriesAutoConfiguration:
      Did not match:
         - @ConditionalOnClass did not find required class 'com.mongodb.reactivestreams.client.MongoClient' (OnClassCondition)

   MongoRepositoriesAutoConfiguration:
      Did not match:
         - @ConditionalOnClass did not find required class 'com.mongodb.client.MongoClient' (OnClassCondition)

   MultipleOpenApiSupportConfiguration:
      Did not match:
         - AnyNestedCondition 0 matched 2 did not; NestedCondition on MultipleOpenApiSupportCondition.OnActuatorDifferentPort @ConditionalOnProperty (springdoc.show-actuator) did not find property 'springdoc.show-actuator'; NestedCondition on MultipleOpenApiSupportCondition.OnMultipleOpenApiSupportCondition AnyNestedCondition 0 matched 3 did not; NestedCondition on MultipleOpenApiGroupsCondition.OnListGroupedOpenApiBean @ConditionalOnBean (types: org.springdoc.core.models.GroupedOpenApi; SearchStrategy: all) did not find any beans of type org.springdoc.core.models.GroupedOpenApi; NestedCondition on MultipleOpenApiGroupsCondition.OnGroupConfigProperty @ConditionalOnProperty (springdoc.group-configs[0].group) did not find property 'springdoc.group-configs[0].group'; NestedCondition on MultipleOpenApiGroupsCondition.OnGroupedOpenApiBean @ConditionalOnBean (types: org.springdoc.core.models.GroupedOpenApi; SearchStrategy: all) did not find any beans of type org.springdoc.core.models.GroupedOpenApi (MultipleOpenApiSupportCondition)
      Matched:
         - found 'session' scope (OnWebApplicationCondition)
         - @ConditionalOnProperty (springdoc.api-docs.enabled) matched (OnPropertyCondition)

   MultipleOpenApiSupportConfiguration.SpringDocWebMvcActuatorDifferentConfiguration:
      Did not match:
         - @ConditionalOnClass did not find required class 'org.springframework.boot.actuate.endpoint.web.servlet.WebMvcEndpointHandlerMapping' (OnClassCondition)
         - Ancestor org.springdoc.webmvc.core.configuration.MultipleOpenApiSupportConfiguration did not match (ConditionEvaluationReport.AncestorsMatchedCondition)

   MustacheAutoConfiguration:
      Did not match:
         - @ConditionalOnClass did not find required class 'com.samskivert.mustache.Mustache' (OnClassCondition)

   Neo4jAutoConfiguration:
      Did not match:
         - @ConditionalOnClass did not find required class 'org.neo4j.driver.Driver' (OnClassCondition)

   Neo4jDataAutoConfiguration:
      Did not match:
         - @ConditionalOnClass did not find required class 'org.neo4j.driver.Driver' (OnClassCondition)

   Neo4jReactiveDataAutoConfiguration:
      Did not match:
         - @ConditionalOnClass did not find required class 'org.neo4j.driver.Driver' (OnClassCondition)

   Neo4jReactiveRepositoriesAutoConfiguration:
      Did not match:
         - @ConditionalOnClass did not find required class 'org.neo4j.driver.Driver' (OnClassCondition)

   Neo4jRepositoriesAutoConfiguration:
      Did not match:
         - @ConditionalOnClass did not find required class 'org.neo4j.driver.Driver' (OnClassCondition)

   NettyAutoConfiguration:
      Did not match:
         - @ConditionalOnClass did not find required class 'io.netty.util.NettyRuntime' (OnClassCondition)

   OAuth2AuthorizationServerAutoConfiguration:
      Did not match:
         - @ConditionalOnClass did not find required class 'org.springframework.security.oauth2.server.authorization.OAuth2Authorization' (OnClassCondition)

   OAuth2AuthorizationServerJwtAutoConfiguration:
      Did not match:
         - @ConditionalOnClass did not find required class 'com.nimbusds.jose.jwk.source.JWKSource' (OnClassCondition)

   OAuth2ClientAutoConfiguration:
      Did not match:
         - @ConditionalOnClass did not find required class 'org.springframework.security.oauth2.client.registration.ClientRegistration' (OnClassCondition)

   OAuth2ClientWebSecurityAutoConfiguration:
      Did not match:
         - @ConditionalOnClass did not find required class 'org.springframework.security.oauth2.client.web.OAuth2AuthorizedClientRepository' (OnClassCondition)

   OAuth2ResourceServerAutoConfiguration:
      Did not match:
         - @ConditionalOnClass did not find required class 'org.springframework.security.oauth2.server.resource.authentication.BearerTokenAuthenticationToken' (OnClassCondition)

   ProjectInfoAutoConfiguration#buildProperties:
      Did not match:
         - @ConditionalOnResource did not find resource '${spring.info.build.location:classpath:META-INF/build-info.properties}' (OnResourceCondition)

   ProjectInfoAutoConfiguration#gitProperties:
      Did not match:
         - GitResource did not find git info at classpath:git.properties (ProjectInfoAutoConfiguration.GitResourceAvailableCondition)

   PulsarAutoConfiguration:
      Did not match:
         - @ConditionalOnClass did not find required class 'org.apache.pulsar.client.api.PulsarClient' (OnClassCondition)

   PulsarReactiveAutoConfiguration:
      Did not match:
         - @ConditionalOnClass did not find required class 'org.apache.pulsar.client.api.PulsarClient' (OnClassCondition)

   QuartzAutoConfiguration:
      Did not match:
         - @ConditionalOnClass did not find required class 'org.quartz.Scheduler' (OnClassCondition)

   R2dbcAutoConfiguration:
      Did not match:
         - @ConditionalOnClass did not find required class 'io.r2dbc.spi.ConnectionFactory' (OnClassCondition)

   R2dbcDataAutoConfiguration:
      Did not match:
         - @ConditionalOnClass did not find required class 'org.springframework.data.r2dbc.core.R2dbcEntityTemplate' (OnClassCondition)

   R2dbcInitializationConfiguration:
      Did not match:
         - @ConditionalOnClass did not find required classes 'io.r2dbc.spi.ConnectionFactory', 'org.springframework.r2dbc.connection.init.DatabasePopulator' (OnClassCondition)

   R2dbcProxyAutoConfiguration:
      Did not match:
         - @ConditionalOnClass did not find required class 'io.r2dbc.proxy.ProxyConnectionFactory' (OnClassCondition)

   R2dbcRepositoriesAutoConfiguration:
      Did not match:
         - @ConditionalOnClass did not find required class 'io.r2dbc.spi.ConnectionFactory' (OnClassCondition)

   R2dbcTransactionManagerAutoConfiguration:
      Did not match:
         - @ConditionalOnClass did not find required class 'org.springframework.r2dbc.connection.R2dbcTransactionManager' (OnClassCondition)

   RSocketGraphQlClientAutoConfiguration:
      Did not match:
         - @ConditionalOnClass did not find required class 'graphql.GraphQL' (OnClassCondition)

   RSocketMessagingAutoConfiguration:
      Did not match:
         - @ConditionalOnClass did not find required class 'io.rsocket.RSocket' (OnClassCondition)

   RSocketRequesterAutoConfiguration:
      Did not match:
         - @ConditionalOnClass did not find required class 'io.rsocket.RSocket' (OnClassCondition)

   RSocketSecurityAutoConfiguration:
      Did not match:
         - @ConditionalOnClass did not find required class 'org.springframework.security.rsocket.core.SecuritySocketAcceptorInterceptor' (OnClassCondition)

   RSocketServerAutoConfiguration:
      Did not match:
         - @ConditionalOnClass did not find required class 'io.rsocket.core.RSocketServer' (OnClassCondition)

   RSocketStrategiesAutoConfiguration:
      Did not match:
         - @ConditionalOnClass did not find required class 'io.netty.buffer.PooledByteBufAllocator' (OnClassCondition)

   RabbitAutoConfiguration:
      Did not match:
         - @ConditionalOnClass did not find required class 'com.rabbitmq.client.Channel' (OnClassCondition)

   ReactiveElasticsearchClientAutoConfiguration:
      Did not match:
         - @ConditionalOnClass did not find required class 'co.elastic.clients.transport.ElasticsearchTransport' (OnClassCondition)

   ReactiveElasticsearchRepositoriesAutoConfiguration:
      Did not match:
         - @ConditionalOnClass did not find required class 'reactor.core.publisher.Mono' (OnClassCondition)

   ReactiveMultipartAutoConfiguration:
      Did not match:
         - @ConditionalOnClass did not find required class 'org.springframework.web.reactive.config.WebFluxConfigurer' (OnClassCondition)

   ReactiveOAuth2ClientAutoConfiguration:
      Did not match:
         - @ConditionalOnClass did not find required class 'reactor.core.publisher.Flux' (OnClassCondition)

   ReactiveOAuth2ClientWebSecurityAutoConfiguration:
      Did not match:
         - @ConditionalOnClass did not find required class 'reactor.core.publisher.Flux' (OnClassCondition)

   ReactiveOAuth2ResourceServerAutoConfiguration:
      Did not match:
         - @ConditionalOnWebApplication did not find reactive web application classes (OnWebApplicationCondition)

   ReactiveSecurityAutoConfiguration:
      Did not match:
         - @ConditionalOnClass did not find required class 'reactor.core.publisher.Flux' (OnClassCondition)

   ReactiveUserDetailsServiceAutoConfiguration:
      Did not match:
         - AnyNestedCondition 0 matched 2 did not; NestedCondition on ReactiveUserDetailsServiceAutoConfiguration.RSocketEnabledOrReactiveWebApplication.ReactiveWebApplicationCondition did not find reactive web application classes; NestedCondition on ReactiveUserDetailsServiceAutoConfiguration.RSocketEnabledOrReactiveWebApplication.RSocketSecurityEnabledCondition @ConditionalOnBean (types: org.springframework.messaging.rsocket.annotation.support.RSocketMessageHandler; SearchStrategy: all) did not find any beans of type org.springframework.messaging.rsocket.annotation.support.RSocketMessageHandler (ReactiveUserDetailsServiceAutoConfiguration.RSocketEnabledOrReactiveWebApplication)
      Matched:
         - @ConditionalOnClass found required class 'org.springframework.security.authentication.ReactiveAuthenticationManager' (OnClassCondition)
         - AnyNestedCondition 1 matched 2 did not; NestedCondition on ReactiveUserDetailsServiceAutoConfiguration.MissingAlternativeOrUserPropertiesConfigured.PasswordConfigured @ConditionalOnProperty (spring.security.user.password) did not find property 'spring.security.user.password'; NestedCondition on ReactiveUserDetailsServiceAutoConfiguration.MissingAlternativeOrUserPropertiesConfigured.NameConfigured @ConditionalOnProperty (spring.security.user.name) did not find property 'spring.security.user.name'; NestedCondition on ReactiveUserDetailsServiceAutoConfiguration.MissingAlternativeOrUserPropertiesConfigured.MissingAlternative @ConditionalOnMissingClass did not find unwanted classes 'org.springframework.security.oauth2.client.registration.ClientRegistrationRepository', 'org.springframework.security.oauth2.server.resource.introspection.ReactiveOpaqueTokenIntrospector' (ReactiveUserDetailsServiceAutoConfiguration.MissingAlternativeOrUserPropertiesConfigured)

   ReactiveWebServerFactoryAutoConfiguration:
      Did not match:
         - @ConditionalOnWebApplication did not find reactive web application classes (OnWebApplicationCondition)

   ReactorAutoConfiguration:
      Did not match:
         - @ConditionalOnClass did not find required class 'reactor.core.publisher.Hooks' (OnClassCondition)

   RedisAutoConfiguration:
      Did not match:
         - @ConditionalOnClass did not find required class 'org.springframework.data.redis.core.RedisOperations' (OnClassCondition)

   RedisCacheConfiguration:
      Did not match:
         - @ConditionalOnClass did not find required class 'org.springframework.data.redis.connection.RedisConnectionFactory' (OnClassCondition)

   RedisReactiveAutoConfiguration:
      Did not match:
         - @ConditionalOnClass did not find required class 'reactor.core.publisher.Flux' (OnClassCondition)

   RedisRepositoriesAutoConfiguration:
      Did not match:
         - @ConditionalOnClass did not find required class 'org.springframework.data.redis.repository.configuration.EnableRedisRepositories' (OnClassCondition)

   RepositoryRestMvcAutoConfiguration:
      Did not match:
         - @ConditionalOnClass did not find required class 'org.springframework.data.rest.webmvc.config.RepositoryRestMvcConfiguration' (OnClassCondition)

   Saml2RelyingPartyAutoConfiguration:
      Did not match:
         - @ConditionalOnClass did not find required class 'org.springframework.security.saml2.provider.service.registration.RelyingPartyRegistrationRepository' (OnClassCondition)

   SecurityDataConfiguration:
      Did not match:
         - @ConditionalOnClass did not find required class 'org.springframework.security.data.repository.query.SecurityEvaluationContextExtension' (OnClassCondition)

   SendGridAutoConfiguration:
      Did not match:
         - @ConditionalOnClass did not find required class 'com.sendgrid.SendGrid' (OnClassCondition)

   ServletWebServerFactoryAutoConfiguration.ForwardedHeaderFilterConfiguration:
      Did not match:
         - @ConditionalOnProperty (server.forward-headers-strategy=framework) did not find property 'server.forward-headers-strategy' (OnPropertyCondition)

   ServletWebServerFactoryConfiguration.EmbeddedJetty:
      Did not match:
         - @ConditionalOnClass did not find required classes 'org.eclipse.jetty.server.Server', 'org.eclipse.jetty.util.Loader', 'org.eclipse.jetty.ee10.webapp.WebAppContext' (OnClassCondition)

   ServletWebServerFactoryConfiguration.EmbeddedUndertow:
      Did not match:
         - @ConditionalOnClass did not find required classes 'io.undertow.Undertow', 'org.xnio.SslClientAuthMode' (OnClassCondition)

   SessionAutoConfiguration:
      Did not match:
         - @ConditionalOnClass did not find required class 'org.springframework.session.Session' (OnClassCondition)

   SpringApplicationAdminJmxAutoConfiguration:
      Did not match:
         - @ConditionalOnBooleanProperty (spring.application.admin.enabled=true) did not find property 'spring.application.admin.enabled' (OnPropertyCondition)

   SpringBootWebSecurityConfiguration.SecurityFilterChainConfiguration:
      Did not match:
         - AllNestedConditions 1 matched 1 did not; NestedCondition on DefaultWebSecurityCondition.Beans @ConditionalOnMissingBean (types: org.springframework.security.web.SecurityFilterChain; SearchStrategy: all) found beans of type 'org.springframework.security.web.SecurityFilterChain' securityFilterChain; NestedCondition on DefaultWebSecurityCondition.Classes @ConditionalOnClass found required classes 'org.springframework.security.web.SecurityFilterChain', 'org.springframework.security.config.annotation.web.builders.HttpSecurity' (DefaultWebSecurityCondition)

   SpringDocConfiguration#oas31ModelConverter:
      Did not match:
         - @ConditionalOnProperty (springdoc.explicit-object-schema=true) did not find property 'springdoc.explicit-object-schema' (OnPropertyCondition)

   SpringDocConfiguration#propertiesResolverForSchema:
      Did not match:
         - @ConditionalOnProperty (springdoc.api-docs.resolve-schema-properties) did not find property 'springdoc.api-docs.resolve-schema-properties' (OnPropertyCondition)

   SpringDocConfiguration#propertyCustomizingConverter:
      Did not match:
         - @ConditionalOnBean (types: org.springdoc.core.customizers.PropertyCustomizer; SearchStrategy: all) did not find any beans of type org.springdoc.core.customizers.PropertyCustomizer (OnBeanCondition)

   SpringDocConfiguration#springdocBeanFactoryPostProcessor:
      Did not match:
         - AnyNestedCondition 0 matched 2 did not; NestedCondition on CacheOrGroupedOpenApiCondition.OnCacheDisabled found non-matching nested conditions @ConditionalOnProperty (springdoc.cache.disabled) did not find property 'springdoc.cache.disabled'; NestedCondition on CacheOrGroupedOpenApiCondition.OnMultipleOpenApiSupportCondition AnyNestedCondition 0 matched 2 did not; NestedCondition on MultipleOpenApiSupportCondition.OnActuatorDifferentPort @ConditionalOnProperty (springdoc.show-actuator) did not find property 'springdoc.show-actuator'; NestedCondition on MultipleOpenApiSupportCondition.OnMultipleOpenApiSupportCondition AnyNestedCondition 0 matched 3 did not; NestedCondition on MultipleOpenApiGroupsCondition.OnListGroupedOpenApiBean @ConditionalOnBean (types: org.springdoc.core.models.GroupedOpenApi; SearchStrategy: all) did not find any beans of type org.springdoc.core.models.GroupedOpenApi; NestedCondition on MultipleOpenApiGroupsCondition.OnGroupConfigProperty @ConditionalOnProperty (springdoc.group-configs[0].group) did not find property 'springdoc.group-configs[0].group'; NestedCondition on MultipleOpenApiGroupsCondition.OnGroupedOpenApiBean @ConditionalOnBean (types: org.springdoc.core.models.GroupedOpenApi; SearchStrategy: all) did not find any beans of type org.springdoc.core.models.GroupedOpenApi (CacheOrGroupedOpenApiCondition)
      Matched:
         - @ConditionalOnClass found required class 'org.springframework.boot.context.properties.bind.BindResult' (OnClassCondition)

   SpringDocConfiguration#springdocBeanFactoryPostProcessor2:
      Did not match:
         - @ConditionalOnMissingClass found unwanted class 'org.springframework.boot.context.properties.bind.BindResult' (OnClassCondition)

   SpringDocConfiguration.SpringDocActuatorConfiguration:
      Did not match:
         - @ConditionalOnClass did not find required class 'org.springframework.boot.actuate.autoconfigure.endpoint.web.WebEndpointProperties' (OnClassCondition)

   SpringDocConfiguration.SpringDocRepositoryRestConfiguration:
      Did not match:
         - @ConditionalOnClass did not find required class 'org.springframework.data.rest.core.config.RepositoryRestConfiguration' (OnClassCondition)

   SpringDocConfiguration.SpringDocWebFluxSupportConfiguration:
      Did not match:
         - @ConditionalOnClass did not find required class 'reactor.core.publisher.Flux' (OnClassCondition)

   SpringDocDataRestConfiguration:
      Did not match:
         - @ConditionalOnClass did not find required class 'org.springframework.data.rest.core.config.RepositoryRestConfiguration' (OnClassCondition)

   SpringDocFunctionCatalogConfiguration:
      Did not match:
         - @ConditionalOnClass did not find required class 'org.springframework.cloud.function.web.function.FunctionEndpointInitializer' (OnClassCondition)

   SpringDocGroovyConfiguration:
      Did not match:
         - @ConditionalOnClass did not find required class 'groovy.lang.MetaClass' (OnClassCondition)

   SpringDocHateoasConfiguration:
      Did not match:
         - @ConditionalOnClass did not find required class 'org.springframework.hateoas.server.LinkRelationProvider' (OnClassCondition)

   SpringDocJacksonKotlinModuleConfiguration:
      Did not match:
         - @ConditionalOnClass did not find required class 'com.fasterxml.jackson.module.kotlin.KotlinModule' (OnClassCondition)

   SpringDocJavadocConfiguration:
      Did not match:
         - @ConditionalOnClass did not find required class 'com.github.therapi.runtimejavadoc.CommentFormatter' (OnClassCondition)

   SpringDocKotlinConfiguration:
      Did not match:
         - @ConditionalOnClass did not find required class 'kotlin.coroutines.Continuation' (OnClassCondition)

   SpringDocKotlinxConfiguration:
      Did not match:
         - @ConditionalOnClass did not find required class 'kotlinx.coroutines.flow.Flow' (OnClassCondition)

   SpringDocSecurityConfiguration.SpringDocSecurityOAuth2ClientConfiguration:
      Did not match:
         - @ConditionalOnClass did not find required class 'org.springframework.security.oauth2.client.annotation.RegisteredOAuth2AuthorizedClient' (OnClassCondition)

   SpringDocSecurityConfiguration.SpringDocSecurityOAuth2Configuration:
      Did not match:
         - @ConditionalOnClass did not find required class 'org.springframework.security.oauth2.server.authorization.OAuth2AuthorizationService' (OnClassCondition)

   SpringDocSecurityConfiguration.SpringSecurityLoginEndpointConfiguration#springSecurityLoginEndpointCustomizer:
      Did not match:
         - @ConditionalOnProperty (springdoc.show-login-endpoint) did not find property 'springdoc.show-login-endpoint' (OnPropertyCondition)

   SpringDocSortConfiguration#dataRestDelegatingMethodParameterCustomizer:
      Did not match:
         - @ConditionalOnMissingBean (types: org.springdoc.core.customizers.DataRestDelegatingMethodParameterCustomizer; SearchStrategy: all) found beans of type 'org.springdoc.core.customizers.DataRestDelegatingMethodParameterCustomizer' dataRestDelegatingMethodParameterCustomizer (OnBeanCondition)

   SpringDocWebMvcConfiguration.SpringDocWebMvcActuatorConfiguration:
      Did not match:
         - @ConditionalOnClass did not find required class 'org.springframework.boot.actuate.endpoint.web.servlet.WebMvcEndpointHandlerMapping' (OnClassCondition)

   SwaggerConfig#springWebProvider:
      Did not match:
         - @ConditionalOnMissingBean (types: org.springdoc.core.providers.SpringWebProvider; SearchStrategy: all) found beans of type 'org.springdoc.core.providers.SpringWebProvider' springWebProvider (OnBeanCondition)

   SwaggerConfig#swaggerUiHome:
      Did not match:
         - @ConditionalOnProperty (springdoc.swagger-ui.use-root-path=true) did not find property 'springdoc.swagger-ui.use-root-path' (OnPropertyCondition)

   SwaggerConfig.SwaggerActuatorWelcomeConfiguration:
      Did not match:
         - @ConditionalOnClass did not find required class 'org.springframework.boot.actuate.endpoint.web.servlet.WebMvcEndpointHandlerMapping' (OnClassCondition)

   TaskExecutorConfigurations.SimpleAsyncTaskExecutorBuilderConfiguration#simpleAsyncTaskExecutorBuilderVirtualThreads:
      Did not match:
         - @ConditionalOnMissingBean (types: org.springframework.boot.task.SimpleAsyncTaskExecutorBuilder; SearchStrategy: all) found beans of type 'org.springframework.boot.task.SimpleAsyncTaskExecutorBuilder' simpleAsyncTaskExecutorBuilder (OnBeanCondition)

   TaskExecutorConfigurations.TaskExecutorConfiguration#applicationTaskExecutorVirtualThreads:
      Did not match:
         - @ConditionalOnThreading did not find VIRTUAL (OnThreadingCondition)

   TaskSchedulingAutoConfiguration#scheduledBeanLazyInitializationExcludeFilter:
      Did not match:
         - @ConditionalOnBean (names: org.springframework.context.annotation.internalScheduledAnnotationProcessor; SearchStrategy: all) did not find any beans named org.springframework.context.annotation.internalScheduledAnnotationProcessor (OnBeanCondition)

   TaskSchedulingConfigurations.SimpleAsyncTaskSchedulerBuilderConfiguration#simpleAsyncTaskSchedulerBuilderVirtualThreads:
      Did not match:
         - @ConditionalOnMissingBean (types: org.springframework.boot.task.SimpleAsyncTaskSchedulerBuilder; SearchStrategy: all) found beans of type 'org.springframework.boot.task.SimpleAsyncTaskSchedulerBuilder' simpleAsyncTaskSchedulerBuilder (OnBeanCondition)

   TaskSchedulingConfigurations.TaskSchedulerConfiguration:
      Did not match:
         - @ConditionalOnBean (names: org.springframework.context.annotation.internalScheduledAnnotationProcessor; SearchStrategy: all) did not find any beans named org.springframework.context.annotation.internalScheduledAnnotationProcessor (OnBeanCondition)

   ThymeleafAutoConfiguration:
      Did not match:
         - @ConditionalOnClass did not find required class 'org.thymeleaf.spring6.SpringTemplateEngine' (OnClassCondition)

   TransactionAutoConfiguration#transactionalOperator:
      Did not match:
         - @ConditionalOnSingleCandidate (types: org.springframework.transaction.ReactiveTransactionManager; SearchStrategy: all) did not find any beans (OnBeanCondition)

   TransactionAutoConfiguration.AspectJTransactionManagementConfiguration:
      Did not match:
         - @ConditionalOnBean (types: org.springframework.transaction.aspectj.AbstractTransactionAspect; SearchStrategy: all) did not find any beans of type org.springframework.transaction.aspectj.AbstractTransactionAspect (OnBeanCondition)

   TransactionAutoConfiguration.EnableTransactionManagementConfiguration.JdkDynamicAutoProxyConfiguration:
      Did not match:
         - @ConditionalOnBooleanProperty (spring.aop.proxy-target-class=false) did not find property 'spring.aop.proxy-target-class' (OnPropertyCondition)

   UserDetailsServiceAutoConfiguration:
      Did not match:
         - @ConditionalOnMissingBean (types: org.springframework.security.authentication.AuthenticationManager,org.springframework.security.authentication.AuthenticationProvider,org.springframework.security.core.userdetails.UserDetailsService,org.springframework.security.authentication.AuthenticationManagerResolver,org.springframework.security.oauth2.jwt.JwtDecoder; SearchStrategy: all) found beans of type 'org.springframework.security.authentication.AuthenticationManager' authenticationManager and found beans of type 'org.springframework.security.core.userdetails.UserDetailsService' customUserDetailsService and found beans of type 'org.springframework.security.authentication.AuthenticationProvider' authenticationProvider (OnBeanCondition)
      Matched:
         - @ConditionalOnClass found required class 'org.springframework.security.authentication.AuthenticationManager' (OnClassCondition)
         - found 'session' scope (OnWebApplicationCondition)
         - AnyNestedCondition 1 matched 2 did not; NestedCondition on UserDetailsServiceAutoConfiguration.MissingAlternativeOrUserPropertiesConfigured.PasswordConfigured @ConditionalOnProperty (spring.security.user.password) did not find property 'spring.security.user.password'; NestedCondition on UserDetailsServiceAutoConfiguration.MissingAlternativeOrUserPropertiesConfigured.NameConfigured @ConditionalOnProperty (spring.security.user.name) did not find property 'spring.security.user.name'; NestedCondition on UserDetailsServiceAutoConfiguration.MissingAlternativeOrUserPropertiesConfigured.MissingAlternative @ConditionalOnMissingClass did not find unwanted classes 'org.springframework.security.oauth2.client.registration.ClientRegistrationRepository', 'org.springframework.security.oauth2.server.resource.introspection.OpaqueTokenIntrospector', 'org.springframework.security.saml2.provider.service.registration.RelyingPartyRegistrationRepository' (UserDetailsServiceAutoConfiguration.MissingAlternativeOrUserPropertiesConfigured)

   WebClientAutoConfiguration:
      Did not match:
         - @ConditionalOnClass did not find required class 'org.springframework.web.reactive.function.client.WebClient' (OnClassCondition)

   WebFluxAutoConfiguration:
      Did not match:
         - @ConditionalOnClass did not find required class 'org.springframework.web.reactive.config.WebFluxConfigurer' (OnClassCondition)

   WebMvcAutoConfiguration#hiddenHttpMethodFilter:
      Did not match:
         - @ConditionalOnBooleanProperty (spring.mvc.hiddenmethod.filter.enabled=true) did not find property 'spring.mvc.hiddenmethod.filter.enabled' (OnPropertyCondition)

   WebMvcAutoConfiguration.ProblemDetailsErrorHandlingConfiguration:
      Did not match:
         - @ConditionalOnBooleanProperty (spring.mvc.problemdetails.enabled=true) did not find property 'spring.mvc.problemdetails.enabled' (OnPropertyCondition)

   WebMvcAutoConfiguration.WebMvcAutoConfigurationAdapter#beanNameViewResolver:
      Did not match:
         - @ConditionalOnMissingBean (types: org.springframework.web.servlet.view.BeanNameViewResolver; SearchStrategy: all) found beans of type 'org.springframework.web.servlet.view.BeanNameViewResolver' beanNameViewResolver (OnBeanCondition)

   WebServiceTemplateAutoConfiguration:
      Did not match:
         - @ConditionalOnClass did not find required class 'org.springframework.oxm.Marshaller' (OnClassCondition)

   WebServicesAutoConfiguration:
      Did not match:
         - @ConditionalOnClass did not find required class 'org.springframework.ws.transport.http.MessageDispatcherServlet' (OnClassCondition)

   WebSessionIdResolverAutoConfiguration:
      Did not match:
         - @ConditionalOnClass did not find required class 'reactor.core.publisher.Mono' (OnClassCondition)

   WebSocketMessagingAutoConfiguration:
      Did not match:
         - @ConditionalOnClass did not find required class 'org.springframework.web.socket.config.annotation.WebSocketMessageBrokerConfigurer' (OnClassCondition)

   WebSocketReactiveAutoConfiguration:
      Did not match:
         - @ConditionalOnWebApplication did not find reactive web application classes (OnWebApplicationCondition)

   WebSocketServletAutoConfiguration.JettyWebSocketConfiguration:
      Did not match:
         - @ConditionalOnClass did not find required class 'org.eclipse.jetty.ee10.websocket.jakarta.server.config.JakartaWebSocketServletContainerInitializer' (OnClassCondition)

   WebSocketServletAutoConfiguration.UndertowWebSocketConfiguration:
      Did not match:
         - @ConditionalOnClass did not find required class 'io.undertow.websockets.jsr.Bootstrap' (OnClassCondition)

   XADataSourceAutoConfiguration:
      Did not match:
         - @ConditionalOnBean (types: org.springframework.boot.jdbc.XADataSourceWrapper; SearchStrategy: all) did not find any beans of type org.springframework.boot.jdbc.XADataSourceWrapper (OnBeanCondition)
      Matched:
         - @ConditionalOnClass found required classes 'javax.sql.DataSource', 'jakarta.transaction.TransactionManager', 'org.springframework.jdbc.datasource.embedded.EmbeddedDatabaseType' (OnClassCondition)


Exclusions:
-----------

    None


Unconditional classes:
----------------------

    org.springframework.boot.autoconfigure.context.ConfigurationPropertiesAutoConfiguration

    org.springframework.boot.autoconfigure.ssl.SslAutoConfiguration

    org.springframework.boot.autoconfigure.context.PropertyPlaceholderAutoConfiguration

    org.springframework.boot.autoconfigure.context.LifecycleAutoConfiguration

    org.springdoc.core.configuration.SpringDocSpecPropertiesConfiguration

    org.springframework.boot.autoconfigure.availability.ApplicationAvailabilityAutoConfiguration

    org.springframework.boot.autoconfigure.info.ProjectInfoAutoConfiguration



2026-03-14T00:13:23.215+05:30  INFO 44344 --- [parking-spot-finder-backend] [           main] .p.b.ParkingSpotFinderBackendApplication : Started ParkingSpotFinderBackendApplication in 7.944 seconds (process running for 8.445)
2026-03-14T00:13:23.216+05:30 DEBUG 44344 --- [parking-spot-finder-backend] [           main] o.s.b.a.ApplicationAvailabilityBean      : Application availability state LivenessState changed to CORRECT
2026-03-14T00:13:23.218+05:30  WARN 44344 --- [parking-spot-finder-backend] [           main] o.s.core.events.SpringDocAppInitializer  : SpringDoc /v3/api-docs endpoint is enabled by default. To disable it in production, set the property 'springdoc.api-docs.enabled=false'
2026-03-14T00:13:23.219+05:30  WARN 44344 --- [parking-spot-finder-backend] [           main] o.s.core.events.SpringDocAppInitializer  : SpringDoc /swagger-ui.html endpoint is enabled by default. To disable it in production, set the property 'springdoc.swagger-ui.enabled=false'
2026-03-14T00:13:23.220+05:30 DEBUG 44344 --- [parking-spot-finder-backend] [           main] o.s.b.a.ApplicationAvailabilityBean      : Application availability state ReadinessState changed to ACCEPTING_TRAFFIC
2026-03-14T00:14:29.950+05:30  INFO 44344 --- [parking-spot-finder-backend] [nio-8080-exec-1] o.a.c.c.C.[Tomcat].[localhost].[/]       : Initializing Spring DispatcherServlet 'dispatcherServlet'
2026-03-14T00:14:29.963+05:30  INFO 44344 --- [parking-spot-finder-backend] [nio-8080-exec-1] o.s.web.servlet.DispatcherServlet        : Initializing Servlet 'dispatcherServlet'
2026-03-14T00:14:29.963+05:30 DEBUG 44344 --- [parking-spot-finder-backend] [nio-8080-exec-1] o.s.web.servlet.DispatcherServlet        : Detected StandardServletMultipartResolver
2026-03-14T00:14:29.964+05:30 DEBUG 44344 --- [parking-spot-finder-backend] [nio-8080-exec-1] o.s.web.servlet.DispatcherServlet        : Detected AcceptHeaderLocaleResolver
2026-03-14T00:14:29.964+05:30 DEBUG 44344 --- [parking-spot-finder-backend] [nio-8080-exec-1] o.s.web.servlet.DispatcherServlet        : Detected FixedThemeResolver
2026-03-14T00:14:29.965+05:30 DEBUG 44344 --- [parking-spot-finder-backend] [nio-8080-exec-1] o.s.web.servlet.DispatcherServlet        : Detected org.springframework.web.servlet.view.DefaultRequestToViewNameTranslator@7e9074b2
2026-03-14T00:14:29.966+05:30 DEBUG 44344 --- [parking-spot-finder-backend] [nio-8080-exec-1] o.s.web.servlet.DispatcherServlet        : Detected org.springframework.web.servlet.support.SessionFlashMapManager@78e547aa
2026-03-14T00:14:29.967+05:30 DEBUG 44344 --- [parking-spot-finder-backend] [nio-8080-exec-1] o.s.web.servlet.DispatcherServlet        : enableLoggingRequestDetails='false': request parameters and headers will be masked to prevent unsafe logging of potentially sensitive data
2026-03-14T00:14:29.967+05:30  INFO 44344 --- [parking-spot-finder-backend] [nio-8080-exec-1] o.s.web.servlet.DispatcherServlet        : Completed initialization in 4 ms
2026-03-14T00:14:29.991+05:30 DEBUG 44344 --- [parking-spot-finder-backend] [nio-8080-exec-1] o.s.web.servlet.DispatcherServlet        : POST "/api/auth/login", parameters={}
2026-03-14T00:14:29.992+05:30 DEBUG 44344 --- [parking-spot-finder-backend] [nio-8080-exec-1] s.w.s.m.m.a.RequestMappingHandlerMapping : Mapped to com.parkingfinder.backend.controller.AuthController#login(LoginRequest)
2026-03-14T00:14:30.064+05:30 DEBUG 44344 --- [parking-spot-finder-backend] [nio-8080-exec-1] m.m.a.RequestResponseBodyMethodProcessor : Read "application/json;charset=UTF-8" to [com.parkingfinder.backend.dto.auth.LoginRequest@24970c96]
2026-03-14T00:14:30.191+05:30 DEBUG 44344 --- [parking-spot-finder-backend] [nio-8080-exec-1] org.hibernate.SQL                        : 
    select
        au1_0.user_id,
        au1_0.account_status,
        au1_0.created_at,
        au1_0.email,
        au1_0.full_name,
        au1_0.password_hash,
        au1_0.phone,
        au1_0.role 
    from
        users au1_0 
    where
        upper(au1_0.email)=upper(?)
2026-03-14T00:14:30.283+05:30 DEBUG 44344 --- [parking-spot-finder-backend] [nio-8080-exec-1] org.hibernate.SQL                        : 
    select
        wa1_0.wallet_id,
        wa1_0.credit_balance,
        wa1_0.updated_at,
        wa1_0.user_id,
        wa1_0.wallet_status 
    from
        wallet_accounts wa1_0 
    left join
        users u1_0 
            on u1_0.user_id=wa1_0.user_id 
    where
        u1_0.user_id=?
2026-03-14T00:14:30.385+05:30 DEBUG 44344 --- [parking-spot-finder-backend] [nio-8080-exec-1] o.s.w.s.m.m.a.HttpEntityMethodProcessor  : Using 'application/json', given [*/*] and supported [application/json, application/*+json, application/yaml]
2026-03-14T00:14:30.386+05:30 DEBUG 44344 --- [parking-spot-finder-backend] [nio-8080-exec-1] o.s.w.s.m.m.a.HttpEntityMethodProcessor  : Writing [com.parkingfinder.backend.dto.common.ApiResponse@5590b952]
2026-03-14T00:14:30.399+05:30 DEBUG 44344 --- [parking-spot-finder-backend] [nio-8080-exec-1] o.s.web.servlet.DispatcherServlet        : Completed 200 OK
2026-03-14T00:14:30.479+05:30 DEBUG 44344 --- [parking-spot-finder-backend] [nio-8080-exec-3] org.hibernate.SQL                        : 
    select
        au1_0.user_id,
        au1_0.account_status,
        au1_0.created_at,
        au1_0.email,
        au1_0.full_name,
        au1_0.password_hash,
        au1_0.phone,
        au1_0.role 
    from
        users au1_0 
    where
        upper(au1_0.email)=upper(?)
2026-03-14T00:14:30.484+05:30 DEBUG 44344 --- [parking-spot-finder-backend] [nio-8080-exec-3] o.s.web.servlet.DispatcherServlet        : GET "/api/admin/users", parameters={}
2026-03-14T00:14:30.485+05:30 DEBUG 44344 --- [parking-spot-finder-backend] [nio-8080-exec-3] s.w.s.m.m.a.RequestMappingHandlerMapping : Mapped to com.parkingfinder.backend.controller.AdminController#users(String, String)
2026-03-14T00:14:30.498+05:30 DEBUG 44344 --- [parking-spot-finder-backend] [nio-8080-exec-3] org.hibernate.SQL                        : 
    select
        au1_0.user_id,
        au1_0.account_status,
        au1_0.created_at,
        au1_0.email,
        au1_0.full_name,
        au1_0.password_hash,
        au1_0.phone,
        au1_0.role 
    from
        users au1_0
2026-03-14T00:14:30.505+05:30 DEBUG 44344 --- [parking-spot-finder-backend] [nio-8080-exec-3] org.hibernate.SQL                        : 
    select
        ps1_0.spot_id,
        ps1_0.address_line,
        ps1_0.city,
        ps1_0.created_at,
        ps1_0.description,
        ps1_0.distance_km,
        ps1_0.latitude,
        ps1_0.lender_id,
        ps1_0.locality,
        ps1_0.longitude,
        ps1_0.pincode,
        ps1_0.spot_status,
        ps1_0.spot_title,
        ps1_0.spot_type,
        ps1_0.state,
        ps1_0.total_slots 
    from
        parking_spots ps1_0 
    left join
        users l1_0 
            on l1_0.user_id=ps1_0.lender_id 
    where
        l1_0.user_id=? 
    order by
        ps1_0.created_at desc
2026-03-14T00:14:30.510+05:30 DEBUG 44344 --- [parking-spot-finder-backend] [nio-8080-exec-3] org.hibernate.SQL                        : 
    select
        b1_0.booking_id,
        b1_0.actual_checkout_time,
        b1_0.booked_amount,
        b1_0.booked_end_time,
        b1_0.booked_start_time,
        b1_0.booking_code,
        b1_0.booking_date,
        b1_0.booking_status,
        b1_0.created_at,
        b1_0.late_fee,
        b1_0.location_tag,
        b1_0.pricing_rule_id,
        b1_0.slot_id,
        b1_0.total_amount,
        b1_0.user_id,
        b1_0.vehicle_id 
    from
        bookings b1_0 
    left join
        users u1_0 
            on u1_0.user_id=b1_0.user_id 
    where
        u1_0.user_id=? 
    order by
        b1_0.created_at desc
2026-03-14T00:14:30.514+05:30 DEBUG 44344 --- [parking-spot-finder-backend] [nio-8080-exec-3] org.hibernate.SQL                        : 
    select
        wa1_0.wallet_id,
        wa1_0.credit_balance,
        wa1_0.updated_at,
        wa1_0.user_id,
        wa1_0.wallet_status 
    from
        wallet_accounts wa1_0 
    left join
        users u1_0 
            on u1_0.user_id=wa1_0.user_id 
    where
        u1_0.user_id=?
2026-03-14T00:14:30.517+05:30 DEBUG 44344 --- [parking-spot-finder-backend] [nio-8080-exec-3] org.hibernate.SQL                        : 
    select
        ps1_0.spot_id,
        ps1_0.address_line,
        ps1_0.city,
        ps1_0.created_at,
        ps1_0.description,
        ps1_0.distance_km,
        ps1_0.latitude,
        ps1_0.lender_id,
        ps1_0.locality,
        ps1_0.longitude,
        ps1_0.pincode,
        ps1_0.spot_status,
        ps1_0.spot_title,
        ps1_0.spot_type,
        ps1_0.state,
        ps1_0.total_slots 
    from
        parking_spots ps1_0 
    left join
        users l1_0 
            on l1_0.user_id=ps1_0.lender_id 
    where
        l1_0.user_id=? 
    order by
        ps1_0.created_at desc
2026-03-14T00:14:30.520+05:30 DEBUG 44344 --- [parking-spot-finder-backend] [nio-8080-exec-3] org.hibernate.SQL                        : 
    select
        b1_0.booking_id,
        b1_0.actual_checkout_time,
        b1_0.booked_amount,
        b1_0.booked_end_time,
        b1_0.booked_start_time,
        b1_0.booking_code,
        b1_0.booking_date,
        b1_0.booking_status,
        b1_0.created_at,
        b1_0.late_fee,
        b1_0.location_tag,
        b1_0.pricing_rule_id,
        b1_0.slot_id,
        b1_0.total_amount,
        b1_0.user_id,
        b1_0.vehicle_id 
    from
        bookings b1_0 
    left join
        users u1_0 
            on u1_0.user_id=b1_0.user_id 
    where
        u1_0.user_id=? 
    order by
        b1_0.created_at desc
2026-03-14T00:14:30.522+05:30 DEBUG 44344 --- [parking-spot-finder-backend] [nio-8080-exec-3] org.hibernate.SQL                        : 
    select
        wa1_0.wallet_id,
        wa1_0.credit_balance,
        wa1_0.updated_at,
        wa1_0.user_id,
        wa1_0.wallet_status 
    from
        wallet_accounts wa1_0 
    left join
        users u1_0 
            on u1_0.user_id=wa1_0.user_id 
    where
        u1_0.user_id=?
2026-03-14T00:14:30.526+05:30 DEBUG 44344 --- [parking-spot-finder-backend] [nio-8080-exec-3] org.hibernate.SQL                        : 
    select
        ps1_0.spot_id,
        ps1_0.address_line,
        ps1_0.city,
        ps1_0.created_at,
        ps1_0.description,
        ps1_0.distance_km,
        ps1_0.latitude,
        ps1_0.lender_id,
        ps1_0.locality,
        ps1_0.longitude,
        ps1_0.pincode,
        ps1_0.spot_status,
        ps1_0.spot_title,
        ps1_0.spot_type,
        ps1_0.state,
        ps1_0.total_slots 
    from
        parking_spots ps1_0 
    left join
        users l1_0 
            on l1_0.user_id=ps1_0.lender_id 
    where
        l1_0.user_id=? 
    order by
        ps1_0.created_at desc
2026-03-14T00:14:30.528+05:30 DEBUG 44344 --- [parking-spot-finder-backend] [nio-8080-exec-3] org.hibernate.SQL                        : 
    select
        b1_0.booking_id,
        b1_0.actual_checkout_time,
        b1_0.booked_amount,
        b1_0.booked_end_time,
        b1_0.booked_start_time,
        b1_0.booking_code,
        b1_0.booking_date,
        b1_0.booking_status,
        b1_0.created_at,
        b1_0.late_fee,
        b1_0.location_tag,
        b1_0.pricing_rule_id,
        b1_0.slot_id,
        b1_0.total_amount,
        b1_0.user_id,
        b1_0.vehicle_id 
    from
        bookings b1_0 
    left join
        users u1_0 
            on u1_0.user_id=b1_0.user_id 
    where
        u1_0.user_id=? 
    order by
        b1_0.created_at desc
2026-03-14T00:14:30.532+05:30 DEBUG 44344 --- [parking-spot-finder-backend] [nio-8080-exec-3] org.hibernate.SQL                        : 
    select
        wa1_0.wallet_id,
        wa1_0.credit_balance,
        wa1_0.updated_at,
        wa1_0.user_id,
        wa1_0.wallet_status 
    from
        wallet_accounts wa1_0 
    left join
        users u1_0 
            on u1_0.user_id=wa1_0.user_id 
    where
        u1_0.user_id=?
2026-03-14T00:14:30.535+05:30 DEBUG 44344 --- [parking-spot-finder-backend] [nio-8080-exec-3] org.hibernate.SQL                        : 
    select
        ps1_0.spot_id,
        ps1_0.address_line,
        ps1_0.city,
        ps1_0.created_at,
        ps1_0.description,
        ps1_0.distance_km,
        ps1_0.latitude,
        ps1_0.lender_id,
        ps1_0.locality,
        ps1_0.longitude,
        ps1_0.pincode,
        ps1_0.spot_status,
        ps1_0.spot_title,
        ps1_0.spot_type,
        ps1_0.state,
        ps1_0.total_slots 
    from
        parking_spots ps1_0 
    left join
        users l1_0 
            on l1_0.user_id=ps1_0.lender_id 
    where
        l1_0.user_id=? 
    order by
        ps1_0.created_at desc
2026-03-14T00:14:30.538+05:30 DEBUG 44344 --- [parking-spot-finder-backend] [nio-8080-exec-3] org.hibernate.SQL                        : 
    select
        b1_0.booking_id,
        b1_0.actual_checkout_time,
        b1_0.booked_amount,
        b1_0.booked_end_time,
        b1_0.booked_start_time,
        b1_0.booking_code,
        b1_0.booking_date,
        b1_0.booking_status,
        b1_0.created_at,
        b1_0.late_fee,
        b1_0.location_tag,
        b1_0.pricing_rule_id,
        b1_0.slot_id,
        b1_0.total_amount,
        b1_0.user_id,
        b1_0.vehicle_id 
    from
        bookings b1_0 
    left join
        users u1_0 
            on u1_0.user_id=b1_0.user_id 
    where
        u1_0.user_id=? 
    order by
        b1_0.created_at desc
2026-03-14T00:14:30.540+05:30 DEBUG 44344 --- [parking-spot-finder-backend] [nio-8080-exec-3] org.hibernate.SQL                        : 
    select
        wa1_0.wallet_id,
        wa1_0.credit_balance,
        wa1_0.updated_at,
        wa1_0.user_id,
        wa1_0.wallet_status 
    from
        wallet_accounts wa1_0 
    left join
        users u1_0 
            on u1_0.user_id=wa1_0.user_id 
    where
        u1_0.user_id=?
2026-03-14T00:14:30.544+05:30 DEBUG 44344 --- [parking-spot-finder-backend] [nio-8080-exec-3] org.hibernate.SQL                        : 
    select
        ps1_0.spot_id,
        ps1_0.address_line,
        ps1_0.city,
        ps1_0.created_at,
        ps1_0.description,
        ps1_0.distance_km,
        ps1_0.latitude,
        ps1_0.lender_id,
        ps1_0.locality,
        ps1_0.longitude,
        ps1_0.pincode,
        ps1_0.spot_status,
        ps1_0.spot_title,
        ps1_0.spot_type,
        ps1_0.state,
        ps1_0.total_slots 
    from
        parking_spots ps1_0 
    left join
        users l1_0 
            on l1_0.user_id=ps1_0.lender_id 
    where
        l1_0.user_id=? 
    order by
        ps1_0.created_at desc
2026-03-14T00:14:30.547+05:30 DEBUG 44344 --- [parking-spot-finder-backend] [nio-8080-exec-3] org.hibernate.SQL                        : 
    select
        b1_0.booking_id,
        b1_0.actual_checkout_time,
        b1_0.booked_amount,
        b1_0.booked_end_time,
        b1_0.booked_start_time,
        b1_0.booking_code,
        b1_0.booking_date,
        b1_0.booking_status,
        b1_0.created_at,
        b1_0.late_fee,
        b1_0.location_tag,
        b1_0.pricing_rule_id,
        b1_0.slot_id,
        b1_0.total_amount,
        b1_0.user_id,
        b1_0.vehicle_id 
    from
        bookings b1_0 
    left join
        users u1_0 
            on u1_0.user_id=b1_0.user_id 
    where
        u1_0.user_id=? 
    order by
        b1_0.created_at desc
2026-03-14T00:14:30.549+05:30 DEBUG 44344 --- [parking-spot-finder-backend] [nio-8080-exec-3] org.hibernate.SQL                        : 
    select
        wa1_0.wallet_id,
        wa1_0.credit_balance,
        wa1_0.updated_at,
        wa1_0.user_id,
        wa1_0.wallet_status 
    from
        wallet_accounts wa1_0 
    left join
        users u1_0 
            on u1_0.user_id=wa1_0.user_id 
    where
        u1_0.user_id=?
2026-03-14T00:14:30.552+05:30 DEBUG 44344 --- [parking-spot-finder-backend] [nio-8080-exec-3] org.hibernate.SQL                        : 
    select
        ps1_0.spot_id,
        ps1_0.address_line,
        ps1_0.city,
        ps1_0.created_at,
        ps1_0.description,
        ps1_0.distance_km,
        ps1_0.latitude,
        ps1_0.lender_id,
        ps1_0.locality,
        ps1_0.longitude,
        ps1_0.pincode,
        ps1_0.spot_status,
        ps1_0.spot_title,
        ps1_0.spot_type,
        ps1_0.state,
        ps1_0.total_slots 
    from
        parking_spots ps1_0 
    left join
        users l1_0 
            on l1_0.user_id=ps1_0.lender_id 
    where
        l1_0.user_id=? 
    order by
        ps1_0.created_at desc
2026-03-14T00:14:30.555+05:30 DEBUG 44344 --- [parking-spot-finder-backend] [nio-8080-exec-3] org.hibernate.SQL                        : 
    select
        b1_0.booking_id,
        b1_0.actual_checkout_time,
        b1_0.booked_amount,
        b1_0.booked_end_time,
        b1_0.booked_start_time,
        b1_0.booking_code,
        b1_0.booking_date,
        b1_0.booking_status,
        b1_0.created_at,
        b1_0.late_fee,
        b1_0.location_tag,
        b1_0.pricing_rule_id,
        b1_0.slot_id,
        b1_0.total_amount,
        b1_0.user_id,
        b1_0.vehicle_id 
    from
        bookings b1_0 
    left join
        users u1_0 
            on u1_0.user_id=b1_0.user_id 
    where
        u1_0.user_id=? 
    order by
        b1_0.created_at desc
2026-03-14T00:14:30.562+05:30 DEBUG 44344 --- [parking-spot-finder-backend] [nio-8080-exec-3] org.hibernate.SQL                        : 
    select
        wa1_0.wallet_id,
        wa1_0.credit_balance,
        wa1_0.updated_at,
        wa1_0.user_id,
        wa1_0.wallet_status 
    from
        wallet_accounts wa1_0 
    left join
        users u1_0 
            on u1_0.user_id=wa1_0.user_id 
    where
        u1_0.user_id=?
2026-03-14T00:14:30.565+05:30 DEBUG 44344 --- [parking-spot-finder-backend] [nio-8080-exec-3] org.hibernate.SQL                        : 
    select
        ps1_0.spot_id,
        ps1_0.address_line,
        ps1_0.city,
        ps1_0.created_at,
        ps1_0.description,
        ps1_0.distance_km,
        ps1_0.latitude,
        ps1_0.lender_id,
        ps1_0.locality,
        ps1_0.longitude,
        ps1_0.pincode,
        ps1_0.spot_status,
        ps1_0.spot_title,
        ps1_0.spot_type,
        ps1_0.state,
        ps1_0.total_slots 
    from
        parking_spots ps1_0 
    left join
        users l1_0 
            on l1_0.user_id=ps1_0.lender_id 
    where
        l1_0.user_id=? 
    order by
        ps1_0.created_at desc
2026-03-14T00:14:30.570+05:30 DEBUG 44344 --- [parking-spot-finder-backend] [nio-8080-exec-3] org.hibernate.SQL                        : 
    select
        b1_0.booking_id,
        b1_0.actual_checkout_time,
        b1_0.booked_amount,
        b1_0.booked_end_time,
        b1_0.booked_start_time,
        b1_0.booking_code,
        b1_0.booking_date,
        b1_0.booking_status,
        b1_0.created_at,
        b1_0.late_fee,
        b1_0.location_tag,
        b1_0.pricing_rule_id,
        b1_0.slot_id,
        b1_0.total_amount,
        b1_0.user_id,
        b1_0.vehicle_id 
    from
        bookings b1_0 
    left join
        users u1_0 
            on u1_0.user_id=b1_0.user_id 
    where
        u1_0.user_id=? 
    order by
        b1_0.created_at desc
2026-03-14T00:14:30.573+05:30 DEBUG 44344 --- [parking-spot-finder-backend] [nio-8080-exec-3] org.hibernate.SQL                        : 
    select
        wa1_0.wallet_id,
        wa1_0.credit_balance,
        wa1_0.updated_at,
        wa1_0.user_id,
        wa1_0.wallet_status 
    from
        wallet_accounts wa1_0 
    left join
        users u1_0 
            on u1_0.user_id=wa1_0.user_id 
    where
        u1_0.user_id=?
2026-03-14T00:14:30.577+05:30 DEBUG 44344 --- [parking-spot-finder-backend] [nio-8080-exec-3] org.hibernate.SQL                        : 
    select
        ps1_0.spot_id,
        ps1_0.address_line,
        ps1_0.city,
        ps1_0.created_at,
        ps1_0.description,
        ps1_0.distance_km,
        ps1_0.latitude,
        ps1_0.lender_id,
        ps1_0.locality,
        ps1_0.longitude,
        ps1_0.pincode,
        ps1_0.spot_status,
        ps1_0.spot_title,
        ps1_0.spot_type,
        ps1_0.state,
        ps1_0.total_slots 
    from
        parking_spots ps1_0 
    left join
        users l1_0 
            on l1_0.user_id=ps1_0.lender_id 
    where
        l1_0.user_id=? 
    order by
        ps1_0.created_at desc
2026-03-14T00:14:30.580+05:30 DEBUG 44344 --- [parking-spot-finder-backend] [nio-8080-exec-3] org.hibernate.SQL                        : 
    select
        b1_0.booking_id,
        b1_0.actual_checkout_time,
        b1_0.booked_amount,
        b1_0.booked_end_time,
        b1_0.booked_start_time,
        b1_0.booking_code,
        b1_0.booking_date,
        b1_0.booking_status,
        b1_0.created_at,
        b1_0.late_fee,
        b1_0.location_tag,
        b1_0.pricing_rule_id,
        b1_0.slot_id,
        b1_0.total_amount,
        b1_0.user_id,
        b1_0.vehicle_id 
    from
        bookings b1_0 
    left join
        users u1_0 
            on u1_0.user_id=b1_0.user_id 
    where
        u1_0.user_id=? 
    order by
        b1_0.created_at desc
2026-03-14T00:14:30.582+05:30 DEBUG 44344 --- [parking-spot-finder-backend] [nio-8080-exec-3] org.hibernate.SQL                        : 
    select
        wa1_0.wallet_id,
        wa1_0.credit_balance,
        wa1_0.updated_at,
        wa1_0.user_id,
        wa1_0.wallet_status 
    from
        wallet_accounts wa1_0 
    left join
        users u1_0 
            on u1_0.user_id=wa1_0.user_id 
    where
        u1_0.user_id=?
2026-03-14T00:14:30.586+05:30 DEBUG 44344 --- [parking-spot-finder-backend] [nio-8080-exec-3] org.hibernate.SQL                        : 
    select
        ps1_0.spot_id,
        ps1_0.address_line,
        ps1_0.city,
        ps1_0.created_at,
        ps1_0.description,
        ps1_0.distance_km,
        ps1_0.latitude,
        ps1_0.lender_id,
        ps1_0.locality,
        ps1_0.longitude,
        ps1_0.pincode,
        ps1_0.spot_status,
        ps1_0.spot_title,
        ps1_0.spot_type,
        ps1_0.state,
        ps1_0.total_slots 
    from
        parking_spots ps1_0 
    left join
        users l1_0 
            on l1_0.user_id=ps1_0.lender_id 
    where
        l1_0.user_id=? 
    order by
        ps1_0.created_at desc
2026-03-14T00:14:30.597+05:30 DEBUG 44344 --- [parking-spot-finder-backend] [nio-8080-exec-3] org.hibernate.SQL                        : 
    select
        vta1_0.spot_id,
        vta1_0.vehicle_type 
    from
        parking_spot_vehicle_types vta1_0 
    where
        vta1_0.spot_id=?
2026-03-14T00:14:30.601+05:30 DEBUG 44344 --- [parking-spot-finder-backend] [nio-8080-exec-3] org.hibernate.SQL                        : 
    select
        vta1_0.spot_id,
        vta1_0.vehicle_type 
    from
        parking_spot_vehicle_types vta1_0 
    where
        vta1_0.spot_id=?
2026-03-14T00:14:30.602+05:30 DEBUG 44344 --- [parking-spot-finder-backend] [nio-8080-exec-3] org.hibernate.SQL                        : 
    select
        vta1_0.spot_id,
        vta1_0.vehicle_type 
    from
        parking_spot_vehicle_types vta1_0 
    where
        vta1_0.spot_id=?
2026-03-14T00:14:30.603+05:30 DEBUG 44344 --- [parking-spot-finder-backend] [nio-8080-exec-3] org.hibernate.SQL                        : 
    select
        vta1_0.spot_id,
        vta1_0.vehicle_type 
    from
        parking_spot_vehicle_types vta1_0 
    where
        vta1_0.spot_id=?
2026-03-14T00:14:30.604+05:30 DEBUG 44344 --- [parking-spot-finder-backend] [nio-8080-exec-3] org.hibernate.SQL                        : 
    select
        vta1_0.spot_id,
        vta1_0.vehicle_type 
    from
        parking_spot_vehicle_types vta1_0 
    where
        vta1_0.spot_id=?
2026-03-14T00:14:30.605+05:30 DEBUG 44344 --- [parking-spot-finder-backend] [nio-8080-exec-3] org.hibernate.SQL                        : 
    select
        vta1_0.spot_id,
        vta1_0.vehicle_type 
    from
        parking_spot_vehicle_types vta1_0 
    where
        vta1_0.spot_id=?
2026-03-14T00:14:30.606+05:30 DEBUG 44344 --- [parking-spot-finder-backend] [nio-8080-exec-3] org.hibernate.SQL                        : 
    select
        vta1_0.spot_id,
        vta1_0.vehicle_type 
    from
        parking_spot_vehicle_types vta1_0 
    where
        vta1_0.spot_id=?
2026-03-14T00:14:30.609+05:30 DEBUG 44344 --- [parking-spot-finder-backend] [nio-8080-exec-3] org.hibernate.SQL                        : 
    select
        b1_0.booking_id,
        b1_0.actual_checkout_time,
        b1_0.booked_amount,
        b1_0.booked_end_time,
        b1_0.booked_start_time,
        b1_0.booking_code,
        b1_0.booking_date,
        b1_0.booking_status,
        b1_0.created_at,
        b1_0.late_fee,
        b1_0.location_tag,
        b1_0.pricing_rule_id,
        b1_0.slot_id,
        b1_0.total_amount,
        b1_0.user_id,
        b1_0.vehicle_id 
    from
        bookings b1_0 
    left join
        users u1_0 
            on u1_0.user_id=b1_0.user_id 
    where
        u1_0.user_id=? 
    order by
        b1_0.created_at desc
2026-03-14T00:14:30.612+05:30 DEBUG 44344 --- [parking-spot-finder-backend] [nio-8080-exec-3] org.hibernate.SQL                        : 
    select
        wa1_0.wallet_id,
        wa1_0.credit_balance,
        wa1_0.updated_at,
        wa1_0.user_id,
        wa1_0.wallet_status 
    from
        wallet_accounts wa1_0 
    left join
        users u1_0 
            on u1_0.user_id=wa1_0.user_id 
    where
        u1_0.user_id=?
2026-03-14T00:14:30.616+05:30 DEBUG 44344 --- [parking-spot-finder-backend] [nio-8080-exec-3] org.hibernate.SQL                        : 
    select
        ps1_0.spot_id,
        ps1_0.address_line,
        ps1_0.city,
        ps1_0.created_at,
        ps1_0.description,
        ps1_0.distance_km,
        ps1_0.latitude,
        ps1_0.lender_id,
        ps1_0.locality,
        ps1_0.longitude,
        ps1_0.pincode,
        ps1_0.spot_status,
        ps1_0.spot_title,
        ps1_0.spot_type,
        ps1_0.state,
        ps1_0.total_slots 
    from
        parking_spots ps1_0 
    left join
        users l1_0 
            on l1_0.user_id=ps1_0.lender_id 
    where
        l1_0.user_id=? 
    order by
        ps1_0.created_at desc
2026-03-14T00:14:30.620+05:30 DEBUG 44344 --- [parking-spot-finder-backend] [nio-8080-exec-3] org.hibernate.SQL                        : 
    select
        b1_0.booking_id,
        b1_0.actual_checkout_time,
        b1_0.booked_amount,
        b1_0.booked_end_time,
        b1_0.booked_start_time,
        b1_0.booking_code,
        b1_0.booking_date,
        b1_0.booking_status,
        b1_0.created_at,
        b1_0.late_fee,
        b1_0.location_tag,
        b1_0.pricing_rule_id,
        b1_0.slot_id,
        b1_0.total_amount,
        b1_0.user_id,
        b1_0.vehicle_id 
    from
        bookings b1_0 
    left join
        users u1_0 
            on u1_0.user_id=b1_0.user_id 
    where
        u1_0.user_id=? 
    order by
        b1_0.created_at desc
2026-03-14T00:14:30.623+05:30 DEBUG 44344 --- [parking-spot-finder-backend] [nio-8080-exec-3] org.hibernate.SQL                        : 
    select
        wa1_0.wallet_id,
        wa1_0.credit_balance,
        wa1_0.updated_at,
        wa1_0.user_id,
        wa1_0.wallet_status 
    from
        wallet_accounts wa1_0 
    left join
        users u1_0 
            on u1_0.user_id=wa1_0.user_id 
    where
        u1_0.user_id=?
2026-03-14T00:14:30.628+05:30 DEBUG 44344 --- [parking-spot-finder-backend] [nio-8080-exec-3] o.s.w.s.m.m.a.HttpEntityMethodProcessor  : Using 'application/json', given [*/*] and supported [application/json, application/*+json, application/yaml]
2026-03-14T00:14:30.628+05:30 DEBUG 44344 --- [parking-spot-finder-backend] [nio-8080-exec-3] o.s.w.s.m.m.a.HttpEntityMethodProcessor  : Writing [com.parkingfinder.backend.dto.common.ApiResponse@25e3d327]
2026-03-14T00:14:30.636+05:30 DEBUG 44344 --- [parking-spot-finder-backend] [nio-8080-exec-3] o.s.web.servlet.DispatcherServlet        : Completed 200 OK
2026-03-14T00:14:30.689+05:30 DEBUG 44344 --- [parking-spot-finder-backend] [nio-8080-exec-2] org.hibernate.SQL                        : 
    select
        au1_0.user_id,
        au1_0.account_status,
        au1_0.created_at,
        au1_0.email,
        au1_0.full_name,
        au1_0.password_hash,
        au1_0.phone,
        au1_0.role 
    from
        users au1_0 
    where
        upper(au1_0.email)=upper(?)
2026-03-14T00:14:30.694+05:30 DEBUG 44344 --- [parking-spot-finder-backend] [nio-8080-exec-2] o.s.web.servlet.DispatcherServlet        : PATCH "/api/admin/users/usr_lender_1/status", parameters={}
2026-03-14T00:14:30.695+05:30 DEBUG 44344 --- [parking-spot-finder-backend] [nio-8080-exec-2] s.w.s.m.m.a.RequestMappingHandlerMapping : Mapped to com.parkingfinder.backend.controller.AdminController#updateUserStatus(String, UserStatusUpdateRequest)
2026-03-14T00:14:30.700+05:30 DEBUG 44344 --- [parking-spot-finder-backend] [nio-8080-exec-2] m.m.a.RequestResponseBodyMethodProcessor : Read "application/json;charset=UTF-8" to [com.parkingfinder.backend.dto.admin.UserStatusUpdateRequest@1dc8482c]
2026-03-14T00:14:30.707+05:30 DEBUG 44344 --- [parking-spot-finder-backend] [nio-8080-exec-2] org.hibernate.SQL                        : 
    select
        au1_0.user_id,
        au1_0.account_status,
        au1_0.created_at,
        au1_0.email,
        au1_0.full_name,
        au1_0.password_hash,
        au1_0.phone,
        au1_0.role 
    from
        users au1_0 
    where
        au1_0.user_id=?
2026-03-14T00:14:30.731+05:30 DEBUG 44344 --- [parking-spot-finder-backend] [nio-8080-exec-2] org.hibernate.SQL                        : 
    update
        users 
    set
        account_status=?,
        created_at=?,
        email=?,
        full_name=?,
        password_hash=?,
        phone=?,
        role=? 
    where
        user_id=?
2026-03-14T00:14:30.740+05:30 DEBUG 44344 --- [parking-spot-finder-backend] [nio-8080-exec-2] org.hibernate.SQL                        : 
    select
        ps1_0.spot_id,
        ps1_0.address_line,
        ps1_0.city,
        ps1_0.created_at,
        ps1_0.description,
        ps1_0.distance_km,
        ps1_0.latitude,
        ps1_0.lender_id,
        ps1_0.locality,
        ps1_0.longitude,
        ps1_0.pincode,
        ps1_0.spot_status,
        ps1_0.spot_title,
        ps1_0.spot_type,
        ps1_0.state,
        ps1_0.total_slots 
    from
        parking_spots ps1_0 
    left join
        users l1_0 
            on l1_0.user_id=ps1_0.lender_id 
    where
        l1_0.user_id=? 
    order by
        ps1_0.created_at desc
2026-03-14T00:14:30.745+05:30 DEBUG 44344 --- [parking-spot-finder-backend] [nio-8080-exec-2] org.hibernate.SQL                        : 
    select
        vta1_0.spot_id,
        vta1_0.vehicle_type 
    from
        parking_spot_vehicle_types vta1_0 
    where
        vta1_0.spot_id=?
2026-03-14T00:14:30.747+05:30 DEBUG 44344 --- [parking-spot-finder-backend] [nio-8080-exec-2] org.hibernate.SQL                        : 
    select
        vta1_0.spot_id,
        vta1_0.vehicle_type 
    from
        parking_spot_vehicle_types vta1_0 
    where
        vta1_0.spot_id=?
2026-03-14T00:14:30.747+05:30 DEBUG 44344 --- [parking-spot-finder-backend] [nio-8080-exec-2] org.hibernate.SQL                        : 
    select
        vta1_0.spot_id,
        vta1_0.vehicle_type 
    from
        parking_spot_vehicle_types vta1_0 
    where
        vta1_0.spot_id=?
2026-03-14T00:14:30.749+05:30 DEBUG 44344 --- [parking-spot-finder-backend] [nio-8080-exec-2] org.hibernate.SQL                        : 
    select
        vta1_0.spot_id,
        vta1_0.vehicle_type 
    from
        parking_spot_vehicle_types vta1_0 
    where
        vta1_0.spot_id=?
2026-03-14T00:14:30.750+05:30 DEBUG 44344 --- [parking-spot-finder-backend] [nio-8080-exec-2] org.hibernate.SQL                        : 
    select
        vta1_0.spot_id,
        vta1_0.vehicle_type 
    from
        parking_spot_vehicle_types vta1_0 
    where
        vta1_0.spot_id=?
2026-03-14T00:14:30.751+05:30 DEBUG 44344 --- [parking-spot-finder-backend] [nio-8080-exec-2] org.hibernate.SQL                        : 
    select
        vta1_0.spot_id,
        vta1_0.vehicle_type 
    from
        parking_spot_vehicle_types vta1_0 
    where
        vta1_0.spot_id=?
2026-03-14T00:14:30.752+05:30 DEBUG 44344 --- [parking-spot-finder-backend] [nio-8080-exec-2] org.hibernate.SQL                        : 
    select
        vta1_0.spot_id,
        vta1_0.vehicle_type 
    from
        parking_spot_vehicle_types vta1_0 
    where
        vta1_0.spot_id=?
2026-03-14T00:14:30.759+05:30 DEBUG 44344 --- [parking-spot-finder-backend] [nio-8080-exec-2] org.hibernate.SQL                        : 
    select
        b1_0.booking_id,
        b1_0.actual_checkout_time,
        b1_0.booked_amount,
        b1_0.booked_end_time,
        b1_0.booked_start_time,
        b1_0.booking_code,
        b1_0.booking_date,
        b1_0.booking_status,
        b1_0.created_at,
        b1_0.late_fee,
        b1_0.location_tag,
        b1_0.pricing_rule_id,
        b1_0.slot_id,
        b1_0.total_amount,
        b1_0.user_id,
        b1_0.vehicle_id 
    from
        bookings b1_0 
    left join
        users u1_0 
            on u1_0.user_id=b1_0.user_id 
    where
        u1_0.user_id=? 
    order by
        b1_0.created_at desc
2026-03-14T00:14:30.763+05:30 DEBUG 44344 --- [parking-spot-finder-backend] [nio-8080-exec-2] org.hibernate.SQL                        : 
    select
        wa1_0.wallet_id,
        wa1_0.credit_balance,
        wa1_0.updated_at,
        wa1_0.user_id,
        wa1_0.wallet_status 
    from
        wallet_accounts wa1_0 
    left join
        users u1_0 
            on u1_0.user_id=wa1_0.user_id 
    where
        u1_0.user_id=?
2026-03-14T00:14:30.770+05:30 DEBUG 44344 --- [parking-spot-finder-backend] [nio-8080-exec-2] o.s.w.s.m.m.a.HttpEntityMethodProcessor  : Using 'application/json', given [*/*] and supported [application/json, application/*+json, application/yaml]
2026-03-14T00:14:30.770+05:30 DEBUG 44344 --- [parking-spot-finder-backend] [nio-8080-exec-2] o.s.w.s.m.m.a.HttpEntityMethodProcessor  : Writing [com.parkingfinder.backend.dto.common.ApiResponse@7b0f439a]
2026-03-14T00:14:30.772+05:30 DEBUG 44344 --- [parking-spot-finder-backend] [nio-8080-exec-2] o.s.web.servlet.DispatcherServlet        : Completed 200 OK
2026-03-14T00:14:30.780+05:30 DEBUG 44344 --- [parking-spot-finder-backend] [nio-8080-exec-4] org.hibernate.SQL                        : 
    select
        au1_0.user_id,
        au1_0.account_status,
        au1_0.created_at,
        au1_0.email,
        au1_0.full_name,
        au1_0.password_hash,
        au1_0.phone,
        au1_0.role 
    from
        users au1_0 
    where
        upper(au1_0.email)=upper(?)
2026-03-14T00:14:30.784+05:30 DEBUG 44344 --- [parking-spot-finder-backend] [nio-8080-exec-4] o.s.web.servlet.DispatcherServlet        : PATCH "/api/admin/users/usr_lender_1/status", parameters={}
2026-03-14T00:14:30.785+05:30 DEBUG 44344 --- [parking-spot-finder-backend] [nio-8080-exec-4] s.w.s.m.m.a.RequestMappingHandlerMapping : Mapped to com.parkingfinder.backend.controller.AdminController#updateUserStatus(String, UserStatusUpdateRequest)
2026-03-14T00:14:30.786+05:30 DEBUG 44344 --- [parking-spot-finder-backend] [nio-8080-exec-4] m.m.a.RequestResponseBodyMethodProcessor : Read "application/json;charset=UTF-8" to [com.parkingfinder.backend.dto.admin.UserStatusUpdateRequest@1aa864e2]
2026-03-14T00:14:30.787+05:30 DEBUG 44344 --- [parking-spot-finder-backend] [nio-8080-exec-4] org.hibernate.SQL                        : 
    select
        au1_0.user_id,
        au1_0.account_status,
        au1_0.created_at,
        au1_0.email,
        au1_0.full_name,
        au1_0.password_hash,
        au1_0.phone,
        au1_0.role 
    from
        users au1_0 
    where
        au1_0.user_id=?
2026-03-14T00:14:30.790+05:30 DEBUG 44344 --- [parking-spot-finder-backend] [nio-8080-exec-4] org.hibernate.SQL                        : 
    update
        users 
    set
        account_status=?,
        created_at=?,
        email=?,
        full_name=?,
        password_hash=?,
        phone=?,
        role=? 
    where
        user_id=?
2026-03-14T00:14:30.792+05:30 DEBUG 44344 --- [parking-spot-finder-backend] [nio-8080-exec-4] org.hibernate.SQL                        : 
    select
        ps1_0.spot_id,
        ps1_0.address_line,
        ps1_0.city,
        ps1_0.created_at,
        ps1_0.description,
        ps1_0.distance_km,
        ps1_0.latitude,
        ps1_0.lender_id,
        ps1_0.locality,
        ps1_0.longitude,
        ps1_0.pincode,
        ps1_0.spot_status,
        ps1_0.spot_title,
        ps1_0.spot_type,
        ps1_0.state,
        ps1_0.total_slots 
    from
        parking_spots ps1_0 
    left join
        users l1_0 
            on l1_0.user_id=ps1_0.lender_id 
    where
        l1_0.user_id=? 
    order by
        ps1_0.created_at desc
2026-03-14T00:14:30.795+05:30 DEBUG 44344 --- [parking-spot-finder-backend] [nio-8080-exec-4] org.hibernate.SQL                        : 
    select
        vta1_0.spot_id,
        vta1_0.vehicle_type 
    from
        parking_spot_vehicle_types vta1_0 
    where
        vta1_0.spot_id=?
2026-03-14T00:14:30.797+05:30 DEBUG 44344 --- [parking-spot-finder-backend] [nio-8080-exec-4] org.hibernate.SQL                        : 
    select
        vta1_0.spot_id,
        vta1_0.vehicle_type 
    from
        parking_spot_vehicle_types vta1_0 
    where
        vta1_0.spot_id=?
2026-03-14T00:14:30.798+05:30 DEBUG 44344 --- [parking-spot-finder-backend] [nio-8080-exec-4] org.hibernate.SQL                        : 
    select
        vta1_0.spot_id,
        vta1_0.vehicle_type 
    from
        parking_spot_vehicle_types vta1_0 
    where
        vta1_0.spot_id=?
2026-03-14T00:14:30.799+05:30 DEBUG 44344 --- [parking-spot-finder-backend] [nio-8080-exec-4] org.hibernate.SQL                        : 
    select
        vta1_0.spot_id,
        vta1_0.vehicle_type 
    from
        parking_spot_vehicle_types vta1_0 
    where
        vta1_0.spot_id=?
2026-03-14T00:14:30.800+05:30 DEBUG 44344 --- [parking-spot-finder-backend] [nio-8080-exec-4] org.hibernate.SQL                        : 
    select
        vta1_0.spot_id,
        vta1_0.vehicle_type 
    from
        parking_spot_vehicle_types vta1_0 
    where
        vta1_0.spot_id=?
2026-03-14T00:14:30.800+05:30 DEBUG 44344 --- [parking-spot-finder-backend] [nio-8080-exec-4] org.hibernate.SQL                        : 
    select
        vta1_0.spot_id,
        vta1_0.vehicle_type 
    from
        parking_spot_vehicle_types vta1_0 
    where
        vta1_0.spot_id=?
2026-03-14T00:14:30.801+05:30 DEBUG 44344 --- [parking-spot-finder-backend] [nio-8080-exec-4] org.hibernate.SQL                        : 
    select
        vta1_0.spot_id,
        vta1_0.vehicle_type 
    from
        parking_spot_vehicle_types vta1_0 
    where
        vta1_0.spot_id=?
2026-03-14T00:14:30.804+05:30 DEBUG 44344 --- [parking-spot-finder-backend] [nio-8080-exec-4] org.hibernate.SQL                        : 
    select
        b1_0.booking_id,
        b1_0.actual_checkout_time,
        b1_0.booked_amount,
        b1_0.booked_end_time,
        b1_0.booked_start_time,
        b1_0.booking_code,
        b1_0.booking_date,
        b1_0.booking_status,
        b1_0.created_at,
        b1_0.late_fee,
        b1_0.location_tag,
        b1_0.pricing_rule_id,
        b1_0.slot_id,
        b1_0.total_amount,
        b1_0.user_id,
        b1_0.vehicle_id 
    from
        bookings b1_0 
    left join
        users u1_0 
            on u1_0.user_id=b1_0.user_id 
    where
        u1_0.user_id=? 
    order by
        b1_0.created_at desc
2026-03-14T00:14:30.807+05:30 DEBUG 44344 --- [parking-spot-finder-backend] [nio-8080-exec-4] org.hibernate.SQL                        : 
    select
        wa1_0.wallet_id,
        wa1_0.credit_balance,
        wa1_0.updated_at,
        wa1_0.user_id,
        wa1_0.wallet_status 
    from
        wallet_accounts wa1_0 
    left join
        users u1_0 
            on u1_0.user_id=wa1_0.user_id 
    where
        u1_0.user_id=?
2026-03-14T00:14:30.813+05:30 DEBUG 44344 --- [parking-spot-finder-backend] [nio-8080-exec-4] o.s.w.s.m.m.a.HttpEntityMethodProcessor  : Using 'application/json', given [*/*] and supported [application/json, application/*+json, application/yaml]
2026-03-14T00:14:30.813+05:30 DEBUG 44344 --- [parking-spot-finder-backend] [nio-8080-exec-4] o.s.w.s.m.m.a.HttpEntityMethodProcessor  : Writing [com.parkingfinder.backend.dto.common.ApiResponse@cf83fef]
2026-03-14T00:14:30.814+05:30 DEBUG 44344 --- [parking-spot-finder-backend] [nio-8080-exec-4] o.s.web.servlet.DispatcherServlet        : Completed 200 OK
2026-03-14T00:14:30.820+05:30 DEBUG 44344 --- [parking-spot-finder-backend] [nio-8080-exec-9] org.hibernate.SQL                        : 
    select
        au1_0.user_id,
        au1_0.account_status,
        au1_0.created_at,
        au1_0.email,
        au1_0.full_name,
        au1_0.password_hash,
        au1_0.phone,
        au1_0.role 
    from
        users au1_0 
    where
        upper(au1_0.email)=upper(?)
2026-03-14T00:14:30.823+05:30 DEBUG 44344 --- [parking-spot-finder-backend] [nio-8080-exec-9] o.s.web.servlet.DispatcherServlet        : PATCH "/api/admin/users/usr_14ec19ce13/status", parameters={}
2026-03-14T00:14:30.825+05:30 DEBUG 44344 --- [parking-spot-finder-backend] [nio-8080-exec-9] s.w.s.m.m.a.RequestMappingHandlerMapping : Mapped to com.parkingfinder.backend.controller.AdminController#updateUserStatus(String, UserStatusUpdateRequest)
2026-03-14T00:14:30.825+05:30 DEBUG 44344 --- [parking-spot-finder-backend] [nio-8080-exec-9] m.m.a.RequestResponseBodyMethodProcessor : Read "application/json;charset=UTF-8" to [com.parkingfinder.backend.dto.admin.UserStatusUpdateRequest@744d9edf]
2026-03-14T00:14:30.827+05:30 DEBUG 44344 --- [parking-spot-finder-backend] [nio-8080-exec-9] org.hibernate.SQL                        : 
    select
        au1_0.user_id,
        au1_0.account_status,
        au1_0.created_at,
        au1_0.email,
        au1_0.full_name,
        au1_0.password_hash,
        au1_0.phone,
        au1_0.role 
    from
        users au1_0 
    where
        au1_0.user_id=?
2026-03-14T00:14:30.832+05:30 DEBUG 44344 --- [parking-spot-finder-backend] [nio-8080-exec-9] .m.m.a.ExceptionHandlerExceptionResolver : Using @ExceptionHandler com.parkingfinder.backend.exception.GlobalExceptionHandler#handleApiException(ApiException)
2026-03-14T00:14:30.835+05:30 DEBUG 44344 --- [parking-spot-finder-backend] [nio-8080-exec-9] o.s.w.s.m.m.a.HttpEntityMethodProcessor  : Using 'application/json', given [*/*] and supported [application/json, application/*+json, application/yaml]
2026-03-14T00:14:30.835+05:30 DEBUG 44344 --- [parking-spot-finder-backend] [nio-8080-exec-9] o.s.w.s.m.m.a.HttpEntityMethodProcessor  : Writing [com.parkingfinder.backend.dto.common.ErrorResponse@717a0d05]
2026-03-14T00:14:30.836+05:30 DEBUG 44344 --- [parking-spot-finder-backend] [nio-8080-exec-9] .m.m.a.ExceptionHandlerExceptionResolver : Resolved [com.parkingfinder.backend.exception.BadRequestException: Only lender and admin account status can be changed here]
2026-03-14T00:14:30.837+05:30 DEBUG 44344 --- [parking-spot-finder-backend] [nio-8080-exec-9] o.s.web.servlet.DispatcherServlet        : Completed 400 BAD_REQUEST
2026-03-14T00:14:30.866+05:30 DEBUG 44344 --- [parking-spot-finder-backend] [io-8080-exec-10] org.hibernate.SQL                        : 
    select
        au1_0.user_id,
        au1_0.account_status,
        au1_0.created_at,
        au1_0.email,
        au1_0.full_name,
        au1_0.password_hash,
        au1_0.phone,
        au1_0.role 
    from
        users au1_0 
    where
        upper(au1_0.email)=upper(?)
2026-03-14T00:14:30.869+05:30 DEBUG 44344 --- [parking-spot-finder-backend] [io-8080-exec-10] o.s.web.servlet.DispatcherServlet        : PATCH "/api/admin/users/usr_admin_1/status", parameters={}
2026-03-14T00:14:30.870+05:30 DEBUG 44344 --- [parking-spot-finder-backend] [io-8080-exec-10] s.w.s.m.m.a.RequestMappingHandlerMapping : Mapped to com.parkingfinder.backend.controller.AdminController#updateUserStatus(String, UserStatusUpdateRequest)
2026-03-14T00:14:30.870+05:30 DEBUG 44344 --- [parking-spot-finder-backend] [io-8080-exec-10] m.m.a.RequestResponseBodyMethodProcessor : Read "application/json;charset=UTF-8" to [com.parkingfinder.backend.dto.admin.UserStatusUpdateRequest@72a170ff]
2026-03-14T00:14:30.871+05:30 DEBUG 44344 --- [parking-spot-finder-backend] [io-8080-exec-10] org.hibernate.SQL                        : 
    select
        au1_0.user_id,
        au1_0.account_status,
        au1_0.created_at,
        au1_0.email,
        au1_0.full_name,
        au1_0.password_hash,
        au1_0.phone,
        au1_0.role 
    from
        users au1_0 
    where
        au1_0.user_id=?
2026-03-14T00:14:30.875+05:30 DEBUG 44344 --- [parking-spot-finder-backend] [io-8080-exec-10] .m.m.a.ExceptionHandlerExceptionResolver : Using @ExceptionHandler com.parkingfinder.backend.exception.GlobalExceptionHandler#handleApiException(ApiException)
2026-03-14T00:14:30.876+05:30 DEBUG 44344 --- [parking-spot-finder-backend] [io-8080-exec-10] o.s.w.s.m.m.a.HttpEntityMethodProcessor  : Using 'application/json', given [*/*] and supported [application/json, application/*+json, application/yaml]
2026-03-14T00:14:30.876+05:30 DEBUG 44344 --- [parking-spot-finder-backend] [io-8080-exec-10] o.s.w.s.m.m.a.HttpEntityMethodProcessor  : Writing [com.parkingfinder.backend.dto.common.ErrorResponse@ee239bc]
2026-03-14T00:14:30.877+05:30 DEBUG 44344 --- [parking-spot-finder-backend] [io-8080-exec-10] .m.m.a.ExceptionHandlerExceptionResolver : Resolved [com.parkingfinder.backend.exception.BadRequestException: You cannot deactivate your own admin account]
2026-03-14T00:14:30.877+05:30 DEBUG 44344 --- [parking-spot-finder-backend] [io-8080-exec-10] o.s.web.servlet.DispatcherServlet        : Completed 400 BAD_REQUEST
